file_name,relative_path,full_path,branch,attack_family,attack_subtype,size_bytes,size_readable,sample_rows_read,columns,numeric_columns,categorical_columns,label_column_detected,missing_values_sample,missing_ratio_sample,duplicate_rows_sample,read_status,error
BenignTraffic.pcap_Flow.csv,Anomaly Detection - Flow Based features\Benign\BenignTraffic.pcap_Flow.csv,D:\47\472\New-Papers\Atlam_4_2026\Data\Anomaly Detection - Flow Based features\Benign\BenignTraffic.pcap_Flow.csv,Flow-Based,Benign,BenignTraffic,99218013,94.62 MB,30000,84,79,5,Label,2,7.936507936507937e-07,0,success,
BenignTraffic1.pcap_Flow.csv,Anomaly Detection - Flow Based features\Benign\BenignTraffic1.pcap_Flow.csv,D:\47\472\New-Papers\Atlam_4_2026\Data\Anomaly Detection - Flow Based features\Benign\BenignTraffic1.pcap_Flow.csv,Flow-Based,Benign,BenignTraffic1,46444676,44.29 MB,30000,84,79,5,Label,2,7.936507936507937e-07,4,success,
BenignTraffic2.pcap_Flow.csv,Anomaly Detection - Flow Based features\Benign\BenignTraffic2.pcap_Flow.csv,D:\47\472\New-Papers\Atlam_4_2026\Data\Anomaly Detection - Flow Based features\Benign\BenignTraffic2.pcap_Flow.csv,Flow-Based,Benign,BenignTraffic2,50213637,47.89 MB,30000,84,79,5,Label,9,3.5714285714285714e-06,4,success,
BenignTraffic3.pcap_Flow.csv,Anomaly Detection - Flow Based features\Benign\BenignTraffic3.pcap_Flow.csv,D:\47\472\New-Papers\Atlam_4_2026\Data\Anomaly Detection - Flow Based features\Benign\BenignTraffic3.pcap_Flow.csv,Flow-Based,Benign,BenignTraffic3,21396965,20.41 MB,30000,84,79,5,Label,1,3.9682539682539683e-07,1,success,
DictionaryBruteForce.pcap_Flow.csv,Anomaly Detection - Flow Based features\BruteForce\DictionaryBruteForce.pcap_Flow.csv,D:\47\472\New-Papers\Atlam_4_2026\Data\Anomaly Detection - Flow Based features\BruteForce\DictionaryBruteForce.pcap_Flow.csv,Flow-Based,Brute Force,DictionaryBruteForce,1746742,1.67 MB,3619,84,79,5,Label,0,0.0,0,success,
DDoS-ACK_Fragmentation.pcap_Flow.csv,Anomaly Detection - Flow Based features\DDoS\DDoS ACK Fragmentation\DDoS-ACK_Fragmentation.pcap_Flow.csv,D:\47\472\New-Papers\Atlam_4_2026\Data\Anomaly Detection - Flow Based features\DDoS\DDoS ACK Fragmentation\DDoS-ACK_Fragmentation.pcap_Flow.csv,Flow-Based,DDoS,DDoS-ACK-Fragmentation,159613102,152.22 MB,30000,84,79,5,Label,0,0.0,2,success,
DDoS-ACK_Fragmentation1.pcap_Flow.csv,Anomaly Detection - Flow Based features\DDoS\DDoS ACK Fragmentation\DDoS-ACK_Fragmentation1.pcap_Flow.csv,D:\47\472\New-Papers\Atlam_4_2026\Data\Anomaly Detection - Flow Based features\DDoS\DDoS ACK Fragmentation\DDoS-ACK_Fragmentation1.pcap_Flow.csv,Flow-Based,DDoS,DDoS-ACK-Fragmentation1,70939690,67.65 MB,30000,84,79,5,Label,1,3.9682539682539683e-07,2,success,
DDoS-ACK_Fragmentation10.pcap_Flow.csv,Anomaly Detection - Flow Based features\DDoS\DDoS ACK Fragmentation\DDoS-ACK_Fragmentation10.pcap_Flow.csv,D:\47\472\New-Papers\Atlam_4_2026\Data\Anomaly Detection - Flow Based features\DDoS\DDoS ACK Fragmentation\DDoS-ACK_Fragmentation10.pcap_Flow.csv,Flow-Based,DDoS,DDoS-ACK-Fragmentation10,85408284,81.45 MB,30000,84,79,5,Label,4,1.5873015873015873e-06,3,success,
DDoS-ACK_Fragmentation11.pcap_Flow.csv,Anomaly Detection - Flow Based features\DDoS\DDoS ACK Fragmentation\DDoS-ACK_Fragmentation11.pcap_Flow.csv,D:\47\472\New-Papers\Atlam_4_2026\Data\Anomaly Detection - Flow Based features\DDoS\DDoS ACK Fragmentation\DDoS-ACK_Fragmentation11.pcap_Flow.csv,Flow-Based,DDoS,DDoS-ACK-Fragmentation11,101914829,97.19 MB,30000,84,79,5,Label,0,0.0,0,success,
DDoS-ACK_Fragmentation12.pcap_Flow.csv,Anomaly Detection - Flow Based features\DDoS\DDoS ACK Fragmentation\DDoS-ACK_Fragmentation12.pcap_Flow.csv,D:\47\472\New-Papers\Atlam_4_2026\Data\Anomaly Detection - Flow Based features\DDoS\DDoS ACK Fragmentation\DDoS-ACK_Fragmentation12.pcap_Flow.csv,Flow-Based,DDoS,DDoS-ACK-Fragmentation12,19333520,18.44 MB,30000,84,79,5,Label,2,7.936507936507937e-07,3,success,
DDoS-ACK_Fragmentation2.pcap_Flow.csv,Anomaly Detection - Flow Based features\DDoS\DDoS ACK Fragmentation\DDoS-ACK_Fragmentation2.pcap_Flow.csv,D:\47\472\New-Papers\Atlam_4_2026\Data\Anomaly Detection - Flow Based features\DDoS\DDoS ACK Fragmentation\DDoS-ACK_Fragmentation2.pcap_Flow.csv,Flow-Based,DDoS,DDoS-ACK-Fragmentation2,62655736,59.75 MB,30000,84,79,5,Label,8,3.1746031746031746e-06,5,success,
DDoS-ACK_Fragmentation3.pcap_Flow (1).csv,Anomaly Detection - Flow Based features\DDoS\DDoS ACK Fragmentation\DDoS-ACK_Fragmentation3.pcap_Flow (1).csv,D:\47\472\New-Papers\Atlam_4_2026\Data\Anomaly Detection - Flow Based features\DDoS\DDoS ACK Fragmentation\DDoS-ACK_Fragmentation3.pcap_Flow (1).csv,Flow-Based,DDoS,DDoS-ACK-Fragmentation3.pcap-Flow-(1),88817841,84.70 MB,30000,84,79,5,Label,2,7.936507936507937e-07,7,success,
DDoS-ACK_Fragmentation3.pcap_Flow.csv,Anomaly Detection - Flow Based features\DDoS\DDoS ACK Fragmentation\DDoS-ACK_Fragmentation3.pcap_Flow.csv,D:\47\472\New-Papers\Atlam_4_2026\Data\Anomaly Detection - Flow Based features\DDoS\DDoS ACK Fragmentation\DDoS-ACK_Fragmentation3.pcap_Flow.csv,Flow-Based,DDoS,DDoS-ACK-Fragmentation3,88817841,84.70 MB,30000,84,79,5,Label,2,7.936507936507937e-07,7,success,
DDoS-ACK_Fragmentation4.pcap_Flow.csv,Anomaly Detection - Flow Based features\DDoS\DDoS ACK Fragmentation\DDoS-ACK_Fragmentation4.pcap_Flow.csv,D:\47\472\New-Papers\Atlam_4_2026\Data\Anomaly Detection - Flow Based features\DDoS\DDoS ACK Fragmentation\DDoS-ACK_Fragmentation4.pcap_Flow.csv,Flow-Based,DDoS,DDoS-ACK-Fragmentation4,77640883,74.04 MB,30000,84,79,5,Label,11,4.365079365079365e-06,3,success,
DDoS-ACK_Fragmentation5.pcap_Flow.csv,Anomaly Detection - Flow Based features\DDoS\DDoS ACK Fragmentation\DDoS-ACK_Fragmentation5.pcap_Flow.csv,D:\47\472\New-Papers\Atlam_4_2026\Data\Anomaly Detection - Flow Based features\DDoS\DDoS ACK Fragmentation\DDoS-ACK_Fragmentation5.pcap_Flow.csv,Flow-Based,DDoS,DDoS-ACK-Fragmentation5,107458397,102.48 MB,30000,84,79,5,Label,0,0.0,0,success,
DDoS-ACK_Fragmentation6.pcap_Flow.csv,Anomaly Detection - Flow Based features\DDoS\DDoS ACK Fragmentation\DDoS-ACK_Fragmentation6.pcap_Flow.csv,D:\47\472\New-Papers\Atlam_4_2026\Data\Anomaly Detection - Flow Based features\DDoS\DDoS ACK Fragmentation\DDoS-ACK_Fragmentation6.pcap_Flow.csv,Flow-Based,DDoS,DDoS-ACK-Fragmentation6,108091294,103.08 MB,30000,84,79,5,Label,0,0.0,0,success,
DDoS-ACK_Fragmentation7.pcap_Flow.csv,Anomaly Detection - Flow Based features\DDoS\DDoS ACK Fragmentation\DDoS-ACK_Fragmentation7.pcap_Flow.csv,D:\47\472\New-Papers\Atlam_4_2026\Data\Anomaly Detection - Flow Based features\DDoS\DDoS ACK Fragmentation\DDoS-ACK_Fragmentation7.pcap_Flow.csv,Flow-Based,DDoS,DDoS-ACK-Fragmentation7,66183328,63.12 MB,30000,84,79,5,Label,6,2.3809523809523808e-06,10,success,
DDoS-ACK_Fragmentation8.pcap_Flow.csv,Anomaly Detection - Flow Based features\DDoS\DDoS ACK Fragmentation\DDoS-ACK_Fragmentation8.pcap_Flow.csv,D:\47\472\New-Papers\Atlam_4_2026\Data\Anomaly Detection - Flow Based features\DDoS\DDoS ACK Fragmentation\DDoS-ACK_Fragmentation8.pcap_Flow.csv,Flow-Based,DDoS,DDoS-ACK-Fragmentation8,90984886,86.77 MB,30000,84,79,5,Label,5,1.984126984126984e-06,1,success,
DDoS-ACK_Fragmentation9.pcap_Flow.csv,Anomaly Detection - Flow Based features\DDoS\DDoS ACK Fragmentation\DDoS-ACK_Fragmentation9.pcap_Flow.csv,D:\47\472\New-Papers\Atlam_4_2026\Data\Anomaly Detection - Flow Based features\DDoS\DDoS ACK Fragmentation\DDoS-ACK_Fragmentation9.pcap_Flow.csv,Flow-Based,DDoS,DDoS-ACK-Fragmentation9,199082214,189.86 MB,30000,84,79,5,Label,3,1.1904761904761904e-06,8,success,
DDoS-ICMP_Flood.pcap_Flow.csv,Anomaly Detection - Flow Based features\DDoS\DDoS ICMP Flood\DDoS-ICMP_Flood.pcap_Flow.csv,D:\47\472\New-Papers\Atlam_4_2026\Data\Anomaly Detection - Flow Based features\DDoS\DDoS ICMP Flood\DDoS-ICMP_Flood.pcap_Flow.csv,Flow-Based,DDoS,DDoS-ICMP-Flood,5565737,5.31 MB,10415,84,79,5,Label,30,3.429120087785474e-05,1,success,
DDoS-ICMP_Flood1.pcap_Flow.csv,Anomaly Detection - Flow Based features\DDoS\DDoS ICMP Flood\DDoS-ICMP_Flood1.pcap_Flow.csv,D:\47\472\New-Papers\Atlam_4_2026\Data\Anomaly Detection - Flow Based features\DDoS\DDoS ICMP Flood\DDoS-ICMP_Flood1.pcap_Flow.csv,Flow-Based,DDoS,DDoS-ICMP-Flood1,4282020,4.08 MB,8263,84,79,5,Label,2,2.881462399797145e-06,1,success,
DDoS-ICMP_Flood10.pcap_Flow.csv,Anomaly Detection - Flow Based features\DDoS\DDoS ICMP Flood\DDoS-ICMP_Flood10.pcap_Flow.csv,D:\47\472\New-Papers\Atlam_4_2026\Data\Anomaly Detection - Flow Based features\DDoS\DDoS ICMP Flood\DDoS-ICMP_Flood10.pcap_Flow.csv,Flow-Based,DDoS,DDoS-ICMP-Flood10,4034821,3.85 MB,7558,84,79,5,Label,14,2.205168915938961e-05,8,success,
DDoS-ICMP_Flood11.pcap_Flow.csv,Anomaly Detection - Flow Based features\DDoS\DDoS ICMP Flood\DDoS-ICMP_Flood11.pcap_Flow.csv,D:\47\472\New-Papers\Atlam_4_2026\Data\Anomaly Detection - Flow Based features\DDoS\DDoS ICMP Flood\DDoS-ICMP_Flood11.pcap_Flow.csv,Flow-Based,DDoS,DDoS-ICMP-Flood11,4389260,4.19 MB,8312,84,79,5,Label,20,2.8644759154865024e-05,8,success,
DDoS-ICMP_Flood12.pcap_Flow.csv,Anomaly Detection - Flow Based features\DDoS\DDoS ICMP Flood\DDoS-ICMP_Flood12.pcap_Flow.csv,D:\47\472\New-Papers\Atlam_4_2026\Data\Anomaly Detection - Flow Based features\DDoS\DDoS ICMP Flood\DDoS-ICMP_Flood12.pcap_Flow.csv,Flow-Based,DDoS,DDoS-ICMP-Flood12,3836585,3.66 MB,7204,84,79,5,Label,16,2.6440337378704954e-05,4,success,
DDoS-ICMP_Flood13.pcap_Flow.csv,Anomaly Detection - Flow Based features\DDoS\DDoS ICMP Flood\DDoS-ICMP_Flood13.pcap_Flow.csv,D:\47\472\New-Papers\Atlam_4_2026\Data\Anomaly Detection - Flow Based features\DDoS\DDoS ICMP Flood\DDoS-ICMP_Flood13.pcap_Flow.csv,Flow-Based,DDoS,DDoS-ICMP-Flood13,2950077,2.81 MB,5552,84,79,5,Label,24,5.14615067929189e-05,15,success,
DDoS-ICMP_Flood14.pcap_Flow.csv,Anomaly Detection - Flow Based features\DDoS\DDoS ICMP Flood\DDoS-ICMP_Flood14.pcap_Flow.csv,D:\47\472\New-Papers\Atlam_4_2026\Data\Anomaly Detection - Flow Based features\DDoS\DDoS ICMP Flood\DDoS-ICMP_Flood14.pcap_Flow.csv,Flow-Based,DDoS,DDoS-ICMP-Flood14,3553907,3.39 MB,6572,84,79,5,Label,26,4.709735385328812e-05,20,success,
DDoS-ICMP_Flood15.pcap_Flow.csv,Anomaly Detection - Flow Based features\DDoS\DDoS ICMP Flood\DDoS-ICMP_Flood15.pcap_Flow.csv,D:\47\472\New-Papers\Atlam_4_2026\Data\Anomaly Detection - Flow Based features\DDoS\DDoS ICMP Flood\DDoS-ICMP_Flood15.pcap_Flow.csv,Flow-Based,DDoS,DDoS-ICMP-Flood15,5531382,5.28 MB,10323,84,79,5,Label,36,4.151617054842861e-05,18,success,
DDoS-ICMP_Flood16.pcap_Flow.csv,Anomaly Detection - Flow Based features\DDoS\DDoS ICMP Flood\DDoS-ICMP_Flood16.pcap_Flow.csv,D:\47\472\New-Papers\Atlam_4_2026\Data\Anomaly Detection - Flow Based features\DDoS\DDoS ICMP Flood\DDoS-ICMP_Flood16.pcap_Flow.csv,Flow-Based,DDoS,DDoS-ICMP-Flood16,5508374,5.25 MB,10270,84,79,5,Label,64,7.418741595956786e-05,93,success,
DDoS-ICMP_Flood17.pcap_Flow.csv,Anomaly Detection - Flow Based features\DDoS\DDoS ICMP Flood\DDoS-ICMP_Flood17.pcap_Flow.csv,D:\47\472\New-Papers\Atlam_4_2026\Data\Anomaly Detection - Flow Based features\DDoS\DDoS ICMP Flood\DDoS-ICMP_Flood17.pcap_Flow.csv,Flow-Based,DDoS,DDoS-ICMP-Flood17,2494555,2.38 MB,4643,84,79,5,Label,9,2.307621303959878e-05,3,success,
DDoS-ICMP_Flood18.pcap_Flow.csv,Anomaly Detection - Flow Based features\DDoS\DDoS ICMP Flood\DDoS-ICMP_Flood18.pcap_Flow.csv,D:\47\472\New-Papers\Atlam_4_2026\Data\Anomaly Detection - Flow Based features\DDoS\DDoS ICMP Flood\DDoS-ICMP_Flood18.pcap_Flow.csv,Flow-Based,DDoS,DDoS-ICMP-Flood18,2127995,2.03 MB,4062,84,79,5,Label,0,0.0,1,success,
DDoS-ICMP_Flood19.pcap_Flow.csv,Anomaly Detection - Flow Based features\DDoS\DDoS ICMP Flood\DDoS-ICMP_Flood19.pcap_Flow.csv,D:\47\472\New-Papers\Atlam_4_2026\Data\Anomaly Detection - Flow Based features\DDoS\DDoS ICMP Flood\DDoS-ICMP_Flood19.pcap_Flow.csv,Flow-Based,DDoS,DDoS-ICMP-Flood19,4296522,4.10 MB,8121,84,79,5,Label,7,1.0261462053113327e-05,1,success,
DDoS-ICMP_Flood2.pcap_Flow.csv,Anomaly Detection - Flow Based features\DDoS\DDoS ICMP Flood\DDoS-ICMP_Flood2.pcap_Flow.csv,D:\47\472\New-Papers\Atlam_4_2026\Data\Anomaly Detection - Flow Based features\DDoS\DDoS ICMP Flood\DDoS-ICMP_Flood2.pcap_Flow.csv,Flow-Based,DDoS,DDoS-ICMP-Flood2,5686932,5.42 MB,10958,84,79,5,Label,10,1.0863991517395424e-05,8,success,
DDoS-ICMP_Flood20.pcap_Flow.csv,Anomaly Detection - Flow Based features\DDoS\DDoS ICMP Flood\DDoS-ICMP_Flood20.pcap_Flow.csv,D:\47\472\New-Papers\Atlam_4_2026\Data\Anomaly Detection - Flow Based features\DDoS\DDoS ICMP Flood\DDoS-ICMP_Flood20.pcap_Flow.csv,Flow-Based,DDoS,DDoS-ICMP-Flood20,3916845,3.74 MB,7322,84,79,5,Label,12,1.951067233776876e-05,2,success,
DDoS-ICMP_Flood21.pcap_Flow.csv,Anomaly Detection - Flow Based features\DDoS\DDoS ICMP Flood\DDoS-ICMP_Flood21.pcap_Flow.csv,D:\47\472\New-Papers\Atlam_4_2026\Data\Anomaly Detection - Flow Based features\DDoS\DDoS ICMP Flood\DDoS-ICMP_Flood21.pcap_Flow.csv,Flow-Based,DDoS,DDoS-ICMP-Flood21,3824166,3.65 MB,7293,84,79,5,Label,10,1.632354573531044e-05,9,success,
DDoS-ICMP_Flood22.pcap_Flow.csv,Anomaly Detection - Flow Based features\DDoS\DDoS ICMP Flood\DDoS-ICMP_Flood22.pcap_Flow.csv,D:\47\472\New-Papers\Atlam_4_2026\Data\Anomaly Detection - Flow Based features\DDoS\DDoS ICMP Flood\DDoS-ICMP_Flood22.pcap_Flow.csv,Flow-Based,DDoS,DDoS-ICMP-Flood22,3214156,3.07 MB,5993,84,79,5,Label,5,9.932222513567416e-06,2,success,
DDoS-ICMP_Flood23.pcap_Flow.csv,Anomaly Detection - Flow Based features\DDoS\DDoS ICMP Flood\DDoS-ICMP_Flood23.pcap_Flow.csv,D:\47\472\New-Papers\Atlam_4_2026\Data\Anomaly Detection - Flow Based features\DDoS\DDoS ICMP Flood\DDoS-ICMP_Flood23.pcap_Flow.csv,Flow-Based,DDoS,DDoS-ICMP-Flood23,2737848,2.61 MB,5193,84,79,5,Label,8,1.8339706381300836e-05,1,success,
DDoS-ICMP_Flood24.pcap_Flow.csv,Anomaly Detection - Flow Based features\DDoS\DDoS ICMP Flood\DDoS-ICMP_Flood24.pcap_Flow.csv,D:\47\472\New-Papers\Atlam_4_2026\Data\Anomaly Detection - Flow Based features\DDoS\DDoS ICMP Flood\DDoS-ICMP_Flood24.pcap_Flow.csv,Flow-Based,DDoS,DDoS-ICMP-Flood24,3232079,3.08 MB,6055,84,79,5,Label,19,3.735598285556997e-05,1,success,
DDoS-ICMP_Flood25.pcap_Flow.csv,Anomaly Detection - Flow Based features\DDoS\DDoS ICMP Flood\DDoS-ICMP_Flood25.pcap_Flow.csv,D:\47\472\New-Papers\Atlam_4_2026\Data\Anomaly Detection - Flow Based features\DDoS\DDoS ICMP Flood\DDoS-ICMP_Flood25.pcap_Flow.csv,Flow-Based,DDoS,DDoS-ICMP-Flood25,5018468,4.79 MB,9442,84,79,5,Label,6,7.564983205737283e-06,2,success,
DDoS-ICMP_Flood26.pcap_Flow.csv,Anomaly Detection - Flow Based features\DDoS\DDoS ICMP Flood\DDoS-ICMP_Flood26.pcap_Flow.csv,D:\47\472\New-Papers\Atlam_4_2026\Data\Anomaly Detection - Flow Based features\DDoS\DDoS ICMP Flood\DDoS-ICMP_Flood26.pcap_Flow.csv,Flow-Based,DDoS,DDoS-ICMP-Flood26,2839348,2.71 MB,5432,84,79,5,Label,0,0.0,0,success,
DDoS-ICMP_Flood3.pcap_Flow.csv,Anomaly Detection - Flow Based features\DDoS\DDoS ICMP Flood\DDoS-ICMP_Flood3.pcap_Flow.csv,D:\47\472\New-Papers\Atlam_4_2026\Data\Anomaly Detection - Flow Based features\DDoS\DDoS ICMP Flood\DDoS-ICMP_Flood3.pcap_Flow.csv,Flow-Based,DDoS,DDoS-ICMP-Flood3,4164002,3.97 MB,7845,84,79,5,Label,29,4.4007405384078425e-05,44,success,
DDoS-ICMP_Flood4.pcap_Flow.csv,Anomaly Detection - Flow Based features\DDoS\DDoS ICMP Flood\DDoS-ICMP_Flood4.pcap_Flow.csv,D:\47\472\New-Papers\Atlam_4_2026\Data\Anomaly Detection - Flow Based features\DDoS\DDoS ICMP Flood\DDoS-ICMP_Flood4.pcap_Flow.csv,Flow-Based,DDoS,DDoS-ICMP-Flood4,8230807,7.85 MB,16190,84,79,5,Label,28,2.058884084826024e-05,16,success,
DDoS-ICMP_Flood5.pcap_Flow.csv,Anomaly Detection - Flow Based features\DDoS\DDoS ICMP Flood\DDoS-ICMP_Flood5.pcap_Flow.csv,D:\47\472\New-Papers\Atlam_4_2026\Data\Anomaly Detection - Flow Based features\DDoS\DDoS ICMP Flood\DDoS-ICMP_Flood5.pcap_Flow.csv,Flow-Based,DDoS,DDoS-ICMP-Flood5,4082342,3.89 MB,7840,84,79,5,Label,8,1.2147716229348883e-05,0,success,
DDoS-ICMP_Flood6.pcap_Flow.csv,Anomaly Detection - Flow Based features\DDoS\DDoS ICMP Flood\DDoS-ICMP_Flood6.pcap_Flow.csv,D:\47\472\New-Papers\Atlam_4_2026\Data\Anomaly Detection - Flow Based features\DDoS\DDoS ICMP Flood\DDoS-ICMP_Flood6.pcap_Flow.csv,Flow-Based,DDoS,DDoS-ICMP-Flood6,2486524,2.37 MB,4783,84,79,5,Label,3,7.466921537588483e-06,0,success,
DDoS-ICMP_Flood7.pcap_Flow.csv,Anomaly Detection - Flow Based features\DDoS\DDoS ICMP Flood\DDoS-ICMP_Flood7.pcap_Flow.csv,D:\47\472\New-Papers\Atlam_4_2026\Data\Anomaly Detection - Flow Based features\DDoS\DDoS ICMP Flood\DDoS-ICMP_Flood7.pcap_Flow.csv,Flow-Based,DDoS,DDoS-ICMP-Flood7,1715790,1.64 MB,3244,84,79,5,Label,3,1.1009335916857496e-05,0,success,
DDoS-ICMP_Flood8.pcap_Flow.csv,Anomaly Detection - Flow Based features\DDoS\DDoS ICMP Flood\DDoS-ICMP_Flood8.pcap_Flow.csv,D:\47\472\New-Papers\Atlam_4_2026\Data\Anomaly Detection - Flow Based features\DDoS\DDoS ICMP Flood\DDoS-ICMP_Flood8.pcap_Flow.csv,Flow-Based,DDoS,DDoS-ICMP-Flood8,3379735,3.22 MB,6411,84,79,5,Label,9,1.67123470820242e-05,3,success,
DDoS-ICMP_Flood9.pcap_Flow.csv,Anomaly Detection - Flow Based features\DDoS\DDoS ICMP Flood\DDoS-ICMP_Flood9.pcap_Flow.csv,D:\47\472\New-Papers\Atlam_4_2026\Data\Anomaly Detection - Flow Based features\DDoS\DDoS ICMP Flood\DDoS-ICMP_Flood9.pcap_Flow.csv,Flow-Based,DDoS,DDoS-ICMP-Flood9,3680715,3.51 MB,6955,84,79,5,Label,11,1.8828523501420697e-05,3,success,
DDoS-HTTP_Flood-.pcap_Flow.csv,Anomaly Detection - Flow Based features\DDoS\DDoS-HTTP Flood\DDoS-HTTP_Flood-.pcap_Flow.csv,D:\47\472\New-Papers\Atlam_4_2026\Data\Anomaly Detection - Flow Based features\DDoS\DDoS-HTTP Flood\DDoS-HTTP_Flood-.pcap_Flow.csv,Flow-Based,DDoS,DDoS-HTTP-Flood,246288916,234.88 MB,30000,84,79,5,Label,80,3.1746031746031745e-05,57,success,
DDoS-ICMP_Fragmentation.pcap_Flow.csv,Anomaly Detection - Flow Based features\DDoS\DDoS-ICMP_Fragmentation\DDoS-ICMP_Fragmentation.pcap_Flow.csv,D:\47\472\New-Papers\Atlam_4_2026\Data\Anomaly Detection - Flow Based features\DDoS\DDoS-ICMP_Fragmentation\DDoS-ICMP_Fragmentation.pcap_Flow.csv,Flow-Based,DDoS,DDoS-ICMP-Fragmentation,7458001,7.11 MB,14479,84,79,5,Label,7,5.755461933374772e-06,11,success,
DDoS-ICMP_Fragmentation1.pcap_Flow.csv,Anomaly Detection - Flow Based features\DDoS\DDoS-ICMP_Fragmentation\DDoS-ICMP_Fragmentation1.pcap_Flow.csv,D:\47\472\New-Papers\Atlam_4_2026\Data\Anomaly Detection - Flow Based features\DDoS\DDoS-ICMP_Fragmentation\DDoS-ICMP_Fragmentation1.pcap_Flow.csv,Flow-Based,DDoS,DDoS-ICMP-Fragmentation1,9176052,8.75 MB,17480,84,79,5,Label,8,5.448403617740002e-06,34,success,
DDoS-ICMP_Fragmentation10.pcap_Flow.csv,Anomaly Detection - Flow Based features\DDoS\DDoS-ICMP_Fragmentation\DDoS-ICMP_Fragmentation10.pcap_Flow.csv,D:\47\472\New-Papers\Atlam_4_2026\Data\Anomaly Detection - Flow Based features\DDoS\DDoS-ICMP_Fragmentation\DDoS-ICMP_Fragmentation10.pcap_Flow.csv,Flow-Based,DDoS,DDoS-ICMP-Fragmentation10,7668811,7.31 MB,14420,84,79,5,Label,0,0.0,3,success,
DDoS-ICMP_Fragmentation11.pcap_Flow.csv,Anomaly Detection - Flow Based features\DDoS\DDoS-ICMP_Fragmentation\DDoS-ICMP_Fragmentation11.pcap_Flow.csv,D:\47\472\New-Papers\Atlam_4_2026\Data\Anomaly Detection - Flow Based features\DDoS\DDoS-ICMP_Fragmentation\DDoS-ICMP_Fragmentation11.pcap_Flow.csv,Flow-Based,DDoS,DDoS-ICMP-Fragmentation11,6118491,5.84 MB,11479,84,79,5,Label,2,2.074181009628348e-06,4,success,
DDoS-ICMP_Fragmentation12.pcap_Flow.csv,Anomaly Detection - Flow Based features\DDoS\DDoS-ICMP_Fragmentation\DDoS-ICMP_Fragmentation12.pcap_Flow.csv,D:\47\472\New-Papers\Atlam_4_2026\Data\Anomaly Detection - Flow Based features\DDoS\DDoS-ICMP_Fragmentation\DDoS-ICMP_Fragmentation12.pcap_Flow.csv,Flow-Based,DDoS,DDoS-ICMP-Fragmentation12,9414482,8.98 MB,18026,84,79,5,Label,3,1.9812651566784486e-06,30,success,
DDoS-ICMP_Fragmentation13.pcap_Flow.csv,Anomaly Detection - Flow Based features\DDoS\DDoS-ICMP_Fragmentation\DDoS-ICMP_Fragmentation13.pcap_Flow.csv,D:\47\472\New-Papers\Atlam_4_2026\Data\Anomaly Detection - Flow Based features\DDoS\DDoS-ICMP_Fragmentation\DDoS-ICMP_Fragmentation13.pcap_Flow.csv,Flow-Based,DDoS,DDoS-ICMP-Fragmentation13,6844913,6.53 MB,12980,84,79,5,Label,2,1.8343238682221733e-06,0,success,
DDoS-ICMP_Fragmentation14.pcap_Flow.csv,Anomaly Detection - Flow Based features\DDoS\DDoS-ICMP_Fragmentation\DDoS-ICMP_Fragmentation14.pcap_Flow.csv,D:\47\472\New-Papers\Atlam_4_2026\Data\Anomaly Detection - Flow Based features\DDoS\DDoS-ICMP_Fragmentation\DDoS-ICMP_Fragmentation14.pcap_Flow.csv,Flow-Based,DDoS,DDoS-ICMP-Fragmentation14,7082376,6.75 MB,13411,84,79,5,Label,2,1.7753727395066594e-06,54,success,
DDoS-ICMP_Fragmentation15.pcap_Flow.csv,Anomaly Detection - Flow Based features\DDoS\DDoS-ICMP_Fragmentation\DDoS-ICMP_Fragmentation15.pcap_Flow.csv,D:\47\472\New-Papers\Atlam_4_2026\Data\Anomaly Detection - Flow Based features\DDoS\DDoS-ICMP_Fragmentation\DDoS-ICMP_Fragmentation15.pcap_Flow.csv,Flow-Based,DDoS,DDoS-ICMP-Fragmentation15,5095896,4.86 MB,9890,84,79,5,Label,7,8.426019548365353e-06,4,success,
DDoS-ICMP_Fragmentation16.pcap_Flow.csv,Anomaly Detection - Flow Based features\DDoS\DDoS-ICMP_Fragmentation\DDoS-ICMP_Fragmentation16.pcap_Flow.csv,D:\47\472\New-Papers\Atlam_4_2026\Data\Anomaly Detection - Flow Based features\DDoS\DDoS-ICMP_Fragmentation\DDoS-ICMP_Fragmentation16.pcap_Flow.csv,Flow-Based,DDoS,DDoS-ICMP-Fragmentation16,8668131,8.27 MB,16489,84,79,5,Label,11,7.94180247148893e-06,24,success,
DDoS-ICMP_Fragmentation17.pcap_Flow.csv,Anomaly Detection - Flow Based features\DDoS\DDoS-ICMP_Fragmentation\DDoS-ICMP_Fragmentation17.pcap_Flow.csv,D:\47\472\New-Papers\Atlam_4_2026\Data\Anomaly Detection - Flow Based features\DDoS\DDoS-ICMP_Fragmentation\DDoS-ICMP_Fragmentation17.pcap_Flow.csv,Flow-Based,DDoS,DDoS-ICMP-Fragmentation17,21945057,20.93 MB,30000,84,79,5,Label,18,7.142857142857143e-06,53,success,
DDoS-ICMP_Fragmentation18.pcap_Flow.csv,Anomaly Detection - Flow Based features\DDoS\DDoS-ICMP_Fragmentation\DDoS-ICMP_Fragmentation18.pcap_Flow.csv,D:\47\472\New-Papers\Atlam_4_2026\Data\Anomaly Detection - Flow Based features\DDoS\DDoS-ICMP_Fragmentation\DDoS-ICMP_Fragmentation18.pcap_Flow.csv,Flow-Based,DDoS,DDoS-ICMP-Fragmentation18,4917817,4.69 MB,9106,84,79,5,Label,3,3.922060807630762e-06,3,success,
DDoS-ICMP_Fragmentation19.pcap_Flow.csv,Anomaly Detection - Flow Based features\DDoS\DDoS-ICMP_Fragmentation\DDoS-ICMP_Fragmentation19.pcap_Flow.csv,D:\47\472\New-Papers\Atlam_4_2026\Data\Anomaly Detection - Flow Based features\DDoS\DDoS-ICMP_Fragmentation\DDoS-ICMP_Fragmentation19.pcap_Flow.csv,Flow-Based,DDoS,DDoS-ICMP-Fragmentation19,5790708,5.52 MB,10963,84,79,5,Label,3,3.257711001941596e-06,5,success,
DDoS-ICMP_Fragmentation2.pcap_Flow.csv,Anomaly Detection - Flow Based features\DDoS\DDoS-ICMP_Fragmentation\DDoS-ICMP_Fragmentation2.pcap_Flow.csv,D:\47\472\New-Papers\Atlam_4_2026\Data\Anomaly Detection - Flow Based features\DDoS\DDoS-ICMP_Fragmentation\DDoS-ICMP_Fragmentation2.pcap_Flow.csv,Flow-Based,DDoS,DDoS-ICMP-Fragmentation2,7131349,6.80 MB,13462,84,79,5,Label,4,3.5372936873456857e-06,3,success,
DDoS-ICMP_Fragmentation3.pcap_Flow.csv,Anomaly Detection - Flow Based features\DDoS\DDoS-ICMP_Fragmentation\DDoS-ICMP_Fragmentation3.pcap_Flow.csv,D:\47\472\New-Papers\Atlam_4_2026\Data\Anomaly Detection - Flow Based features\DDoS\DDoS-ICMP_Fragmentation\DDoS-ICMP_Fragmentation3.pcap_Flow.csv,Flow-Based,DDoS,DDoS-ICMP-Fragmentation3,12417260,11.84 MB,23405,84,79,5,Label,9,4.577776421399579e-06,19,success,
DDoS-ICMP_Fragmentation4.pcap_Flow.csv,Anomaly Detection - Flow Based features\DDoS\DDoS-ICMP_Fragmentation\DDoS-ICMP_Fragmentation4.pcap_Flow.csv,D:\47\472\New-Papers\Atlam_4_2026\Data\Anomaly Detection - Flow Based features\DDoS\DDoS-ICMP_Fragmentation\DDoS-ICMP_Fragmentation4.pcap_Flow.csv,Flow-Based,DDoS,DDoS-ICMP-Fragmentation4,13542159,12.91 MB,25593,84,79,5,Label,17,7.907668205405869e-06,33,success,
DDoS-ICMP_Fragmentation5.pcap_Flow.csv,Anomaly Detection - Flow Based features\DDoS\DDoS-ICMP_Fragmentation\DDoS-ICMP_Fragmentation5.pcap_Flow.csv,D:\47\472\New-Papers\Atlam_4_2026\Data\Anomaly Detection - Flow Based features\DDoS\DDoS-ICMP_Fragmentation\DDoS-ICMP_Fragmentation5.pcap_Flow.csv,Flow-Based,DDoS,DDoS-ICMP-Fragmentation5,5671514,5.41 MB,10617,84,79,5,Label,4,4.485169786102253e-06,13,success,
DDoS-ICMP_Fragmentation6.pcap_Flow.csv,Anomaly Detection - Flow Based features\DDoS\DDoS-ICMP_Fragmentation\DDoS-ICMP_Fragmentation6.pcap_Flow.csv,D:\47\472\New-Papers\Atlam_4_2026\Data\Anomaly Detection - Flow Based features\DDoS\DDoS-ICMP_Fragmentation\DDoS-ICMP_Fragmentation6.pcap_Flow.csv,Flow-Based,DDoS,DDoS-ICMP-Fragmentation6,5323287,5.08 MB,10138,84,79,5,Label,0,0.0,0,success,
DDoS-ICMP_Fragmentation7.pcap_Flow.csv,Anomaly Detection - Flow Based features\DDoS\DDoS-ICMP_Fragmentation\DDoS-ICMP_Fragmentation7.pcap_Flow.csv,D:\47\472\New-Papers\Atlam_4_2026\Data\Anomaly Detection - Flow Based features\DDoS\DDoS-ICMP_Fragmentation\DDoS-ICMP_Fragmentation7.pcap_Flow.csv,Flow-Based,DDoS,DDoS-ICMP-Fragmentation7,7508169,7.16 MB,14235,84,79,5,Label,2,1.6726044123304398e-06,3,success,
DDoS-ICMP_Fragmentation8.pcap_Flow.csv,Anomaly Detection - Flow Based features\DDoS\DDoS-ICMP_Fragmentation\DDoS-ICMP_Fragmentation8.pcap_Flow.csv,D:\47\472\New-Papers\Atlam_4_2026\Data\Anomaly Detection - Flow Based features\DDoS\DDoS-ICMP_Fragmentation\DDoS-ICMP_Fragmentation8.pcap_Flow.csv,Flow-Based,DDoS,DDoS-ICMP-Fragmentation8,6535461,6.23 MB,12572,84,79,5,Label,4,3.787706619396088e-06,4,success,
DDoS-ICMP_Fragmentation9.pcap_Flow.csv,Anomaly Detection - Flow Based features\DDoS\DDoS-ICMP_Fragmentation\DDoS-ICMP_Fragmentation9.pcap_Flow.csv,D:\47\472\New-Papers\Atlam_4_2026\Data\Anomaly Detection - Flow Based features\DDoS\DDoS-ICMP_Fragmentation\DDoS-ICMP_Fragmentation9.pcap_Flow.csv,Flow-Based,DDoS,DDoS-ICMP-Fragmentation9,10913680,10.41 MB,20380,84,79,5,Label,11,6.425533903453432e-06,14,success,
DoS-SYN_Flood.pcap_Flow.csv,Anomaly Detection - Flow Based features\DoS\DoS SYN Flood\DoS-SYN_Flood.pcap_Flow.csv,D:\47\472\New-Papers\Atlam_4_2026\Data\Anomaly Detection - Flow Based features\DoS\DoS SYN Flood\DoS-SYN_Flood.pcap_Flow.csv,Flow-Based,DoS,DoS-SYN-Flood,2065766424,1.92 GB,30000,84,79,5,Label,1,3.9682539682539683e-07,0,success,
DoS-SYN_Flood1.pcap_Flow.csv,Anomaly Detection - Flow Based features\DoS\DoS SYN Flood\DoS-SYN_Flood1.pcap_Flow.csv,D:\47\472\New-Papers\Atlam_4_2026\Data\Anomaly Detection - Flow Based features\DoS\DoS SYN Flood\DoS-SYN_Flood1.pcap_Flow.csv,Flow-Based,DoS,DoS-SYN-Flood1,748064740,713.41 MB,30000,84,79,5,Label,2,7.936507936507937e-07,0,success,
DoS-SYN_Flood2.pcap_Flow.csv,Anomaly Detection - Flow Based features\DoS\DoS SYN Flood\DoS-SYN_Flood2.pcap_Flow.csv,D:\47\472\New-Papers\Atlam_4_2026\Data\Anomaly Detection - Flow Based features\DoS\DoS SYN Flood\DoS-SYN_Flood2.pcap_Flow.csv,Flow-Based,DoS,DoS-SYN-Flood2,1128921696,1.05 GB,30000,84,79,5,Label,23,9.126984126984127e-06,7,success,
DoS-SYN_Flood3.pcap_Flow.csv,Anomaly Detection - Flow Based features\DoS\DoS SYN Flood\DoS-SYN_Flood3.pcap_Flow.csv,D:\47\472\New-Papers\Atlam_4_2026\Data\Anomaly Detection - Flow Based features\DoS\DoS SYN Flood\DoS-SYN_Flood3.pcap_Flow.csv,Flow-Based,DoS,DoS-SYN-Flood3,1019553127,972.32 MB,30000,84,79,5,Label,38,1.5079365079365079e-05,3,success,
DoS-SYN_Flood4.pcap_Flow.csv,Anomaly Detection - Flow Based features\DoS\DoS SYN Flood\DoS-SYN_Flood4.pcap_Flow.csv,D:\47\472\New-Papers\Atlam_4_2026\Data\Anomaly Detection - Flow Based features\DoS\DoS SYN Flood\DoS-SYN_Flood4.pcap_Flow.csv,Flow-Based,DoS,DoS-SYN-Flood4,1167577806,1.09 GB,30000,84,79,5,Label,6,2.3809523809523808e-06,0,success,
DoS-SYN_Flood5.pcap_Flow.csv,Anomaly Detection - Flow Based features\DoS\DoS SYN Flood\DoS-SYN_Flood5.pcap_Flow.csv,D:\47\472\New-Papers\Atlam_4_2026\Data\Anomaly Detection - Flow Based features\DoS\DoS SYN Flood\DoS-SYN_Flood5.pcap_Flow.csv,Flow-Based,DoS,DoS-SYN-Flood5,970435055,925.48 MB,30000,84,79,5,Label,39,1.5476190476190476e-05,7,success,
DoS-SYN_Flood6.pcap_Flow.csv,Anomaly Detection - Flow Based features\DoS\DoS SYN Flood\DoS-SYN_Flood6.pcap_Flow.csv,D:\47\472\New-Papers\Atlam_4_2026\Data\Anomaly Detection - Flow Based features\DoS\DoS SYN Flood\DoS-SYN_Flood6.pcap_Flow.csv,Flow-Based,DoS,DoS-SYN-Flood6,828250772,789.88 MB,30000,84,79,5,Label,3,1.1904761904761904e-06,0,success,
DoS-SYN_Flood7.pcap_Flow.csv,Anomaly Detection - Flow Based features\DoS\DoS SYN Flood\DoS-SYN_Flood7.pcap_Flow.csv,D:\47\472\New-Papers\Atlam_4_2026\Data\Anomaly Detection - Flow Based features\DoS\DoS SYN Flood\DoS-SYN_Flood7.pcap_Flow.csv,Flow-Based,DoS,DoS-SYN-Flood7,737774415,703.60 MB,30000,84,79,5,Label,5,1.984126984126984e-06,0,success,
DoS-HTTP_Flood.pcap_Flow.csv,Anomaly Detection - Flow Based features\DoS\DoS-HTTP_Flood\DoS-HTTP_Flood.pcap_Flow.csv,D:\47\472\New-Papers\Atlam_4_2026\Data\Anomaly Detection - Flow Based features\DoS\DoS-HTTP_Flood\DoS-HTTP_Flood.pcap_Flow.csv,Flow-Based,DoS,DoS-HTTP-Flood,406182568,387.37 MB,30000,84,79,5,Label,8346,0.003311904761904762,3684,success,
DoS-HTTP_Flood1.pcap_Flow.csv,Anomaly Detection - Flow Based features\DoS\DoS-HTTP_Flood\DoS-HTTP_Flood1.pcap_Flow.csv,D:\47\472\New-Papers\Atlam_4_2026\Data\Anomaly Detection - Flow Based features\DoS\DoS-HTTP_Flood\DoS-HTTP_Flood1.pcap_Flow.csv,Flow-Based,DoS,DoS-HTTP-Flood1,313851273,299.31 MB,30000,84,79,5,Label,45,1.785714285714286e-05,0,success,
DoS-TCP_Flood.pcap_Flow.csv,Anomaly Detection - Flow Based features\DoS\DoS-TCP_Flood\DoS-TCP_Flood.pcap_Flow.csv,D:\47\472\New-Papers\Atlam_4_2026\Data\Anomaly Detection - Flow Based features\DoS\DoS-TCP_Flood\DoS-TCP_Flood.pcap_Flow.csv,Flow-Based,DoS,DoS-TCP-Flood,460,460.00 B,0,84,0,84,NeedManualLabel,0,0.0,0,success,
DoS-TCP_Flood1.pcap_Flow.csv,Anomaly Detection - Flow Based features\DoS\DoS-TCP_Flood\DoS-TCP_Flood1.pcap_Flow.csv,D:\47\472\New-Papers\Atlam_4_2026\Data\Anomaly Detection - Flow Based features\DoS\DoS-TCP_Flood\DoS-TCP_Flood1.pcap_Flow.csv,Flow-Based,DoS,DoS-TCP-Flood1,558,558.00 B,0,84,0,84,NeedManualLabel,0,0.0,0,success,
DoS-TCP_Flood10.pcap_Flow.csv,Anomaly Detection - Flow Based features\DoS\DoS-TCP_Flood\DoS-TCP_Flood10.pcap_Flow.csv,D:\47\472\New-Papers\Atlam_4_2026\Data\Anomaly Detection - Flow Based features\DoS\DoS-TCP_Flood\DoS-TCP_Flood10.pcap_Flow.csv,Flow-Based,DoS,DoS-TCP-Flood10,398,398.00 B,0,84,0,84,NeedManualLabel,0,0.0,0,success,
DoS-TCP_Flood2.pcap_Flow.csv,Anomaly Detection - Flow Based features\DoS\DoS-TCP_Flood\DoS-TCP_Flood2.pcap_Flow.csv,D:\47\472\New-Papers\Atlam_4_2026\Data\Anomaly Detection - Flow Based features\DoS\DoS-TCP_Flood\DoS-TCP_Flood2.pcap_Flow.csv,Flow-Based,DoS,DoS-TCP-Flood2,423,423.00 B,0,84,0,84,NeedManualLabel,0,0.0,0,success,
DoS-TCP_Flood3.pcap_Flow.csv,Anomaly Detection - Flow Based features\DoS\DoS-TCP_Flood\DoS-TCP_Flood3.pcap_Flow.csv,D:\47\472\New-Papers\Atlam_4_2026\Data\Anomaly Detection - Flow Based features\DoS\DoS-TCP_Flood\DoS-TCP_Flood3.pcap_Flow.csv,Flow-Based,DoS,DoS-TCP-Flood3,520,520.00 B,0,84,0,84,NeedManualLabel,0,0.0,0,success,
DoS-UDP_Flood.pcap_Flow.csv,Anomaly Detection - Flow Based features\DoS\DoS-UDP_Flood\DoS-UDP_Flood.pcap_Flow.csv,D:\47\472\New-Papers\Atlam_4_2026\Data\Anomaly Detection - Flow Based features\DoS\DoS-UDP_Flood\DoS-UDP_Flood.pcap_Flow.csv,Flow-Based,DoS,DoS-UDP-Flood,523374726,499.13 MB,30000,84,79,5,Label,12,4.7619047619047615e-06,2,success,
DoS-UDP_Flood10.pcap_Flow.csv,Anomaly Detection - Flow Based features\DoS\DoS-UDP_Flood\DoS-UDP_Flood10.pcap_Flow.csv,D:\47\472\New-Papers\Atlam_4_2026\Data\Anomaly Detection - Flow Based features\DoS\DoS-UDP_Flood\DoS-UDP_Flood10.pcap_Flow.csv,Flow-Based,DoS,DoS-UDP-Flood10,30445003,29.03 MB,30000,84,79,5,Label,239,9.484126984126983e-05,19,success,
DoS-UDP_Flood11.pcap_Flow.csv,Anomaly Detection - Flow Based features\DoS\DoS-UDP_Flood\DoS-UDP_Flood11.pcap_Flow.csv,D:\47\472\New-Papers\Atlam_4_2026\Data\Anomaly Detection - Flow Based features\DoS\DoS-UDP_Flood\DoS-UDP_Flood11.pcap_Flow.csv,Flow-Based,DoS,DoS-UDP-Flood11,28155820,26.85 MB,30000,84,79,5,Label,249,9.880952380952381e-05,13,success,
DoS-UDP_Flood12.pcap_Flow.csv,Anomaly Detection - Flow Based features\DoS\DoS-UDP_Flood\DoS-UDP_Flood12.pcap_Flow.csv,D:\47\472\New-Papers\Atlam_4_2026\Data\Anomaly Detection - Flow Based features\DoS\DoS-UDP_Flood\DoS-UDP_Flood12.pcap_Flow.csv,Flow-Based,DoS,DoS-UDP-Flood12,24779241,23.63 MB,30000,84,79,5,Label,189,7.5e-05,49,success,
DoS-UDP_Flood13.pcap_Flow.csv,Anomaly Detection - Flow Based features\DoS\DoS-UDP_Flood\DoS-UDP_Flood13.pcap_Flow.csv,D:\47\472\New-Papers\Atlam_4_2026\Data\Anomaly Detection - Flow Based features\DoS\DoS-UDP_Flood\DoS-UDP_Flood13.pcap_Flow.csv,Flow-Based,DoS,DoS-UDP-Flood13,29050006,27.70 MB,30000,84,79,5,Label,157,6.23015873015873e-05,11,success,
DoS-UDP_Flood14.pcap_Flow.csv,Anomaly Detection - Flow Based features\DoS\DoS-UDP_Flood\DoS-UDP_Flood14.pcap_Flow.csv,D:\47\472\New-Papers\Atlam_4_2026\Data\Anomaly Detection - Flow Based features\DoS\DoS-UDP_Flood\DoS-UDP_Flood14.pcap_Flow.csv,Flow-Based,DoS,DoS-UDP-Flood14,31889244,30.41 MB,30000,84,79,5,Label,159,6.30952380952381e-05,31,success,
DoS-UDP_Flood15.pcap_Flow.csv,Anomaly Detection - Flow Based features\DoS\DoS-UDP_Flood\DoS-UDP_Flood15.pcap_Flow.csv,D:\47\472\New-Papers\Atlam_4_2026\Data\Anomaly Detection - Flow Based features\DoS\DoS-UDP_Flood\DoS-UDP_Flood15.pcap_Flow.csv,Flow-Based,DoS,DoS-UDP-Flood15,32283925,30.79 MB,30000,84,79,5,Label,259,0.00010277777777777778,42,success,
DoS-UDP_Flood16.pcap_Flow.csv,Anomaly Detection - Flow Based features\DoS\DoS-UDP_Flood\DoS-UDP_Flood16.pcap_Flow.csv,D:\47\472\New-Papers\Atlam_4_2026\Data\Anomaly Detection - Flow Based features\DoS\DoS-UDP_Flood\DoS-UDP_Flood16.pcap_Flow.csv,Flow-Based,DoS,DoS-UDP-Flood16,17487210,16.68 MB,30000,84,79,5,Label,99,3.928571428571428e-05,10,success,
DoS-UDP_Flood3.pcap_Flow.csv,Anomaly Detection - Flow Based features\DoS\DoS-UDP_Flood\DoS-UDP_Flood3.pcap_Flow.csv,D:\47\472\New-Papers\Atlam_4_2026\Data\Anomaly Detection - Flow Based features\DoS\DoS-UDP_Flood\DoS-UDP_Flood3.pcap_Flow.csv,Flow-Based,DoS,DoS-UDP-Flood3,325945685,310.85 MB,30000,84,79,5,Label,13,5.158730158730159e-06,4,success,
DoS-UDP_Flood4.pcap_Flow.csv,Anomaly Detection - Flow Based features\DoS\DoS-UDP_Flood\DoS-UDP_Flood4.pcap_Flow.csv,D:\47\472\New-Papers\Atlam_4_2026\Data\Anomaly Detection - Flow Based features\DoS\DoS-UDP_Flood\DoS-UDP_Flood4.pcap_Flow.csv,Flow-Based,DoS,DoS-UDP-Flood4,541307165,516.23 MB,30000,84,79,5,Label,11,4.365079365079365e-06,2,success,
DoS-UDP_Flood5.pcap_Flow.csv,Anomaly Detection - Flow Based features\DoS\DoS-UDP_Flood\DoS-UDP_Flood5.pcap_Flow.csv,D:\47\472\New-Papers\Atlam_4_2026\Data\Anomaly Detection - Flow Based features\DoS\DoS-UDP_Flood\DoS-UDP_Flood5.pcap_Flow.csv,Flow-Based,DoS,DoS-UDP-Flood5,471962732,450.10 MB,30000,84,79,5,Label,13,5.158730158730159e-06,10,success,
DoS-UDP_Flood6.pcap_Flow.csv,Anomaly Detection - Flow Based features\DoS\DoS-UDP_Flood\DoS-UDP_Flood6.pcap_Flow.csv,D:\47\472\New-Papers\Atlam_4_2026\Data\Anomaly Detection - Flow Based features\DoS\DoS-UDP_Flood\DoS-UDP_Flood6.pcap_Flow.csv,Flow-Based,DoS,DoS-UDP-Flood6,469406802,447.66 MB,30000,84,79,5,Label,7,2.777777777777778e-06,0,success,
DoS-UDP_Flood7.pcap_Flow.csv,Anomaly Detection - Flow Based features\DoS\DoS-UDP_Flood\DoS-UDP_Flood7.pcap_Flow.csv,D:\47\472\New-Papers\Atlam_4_2026\Data\Anomaly Detection - Flow Based features\DoS\DoS-UDP_Flood\DoS-UDP_Flood7.pcap_Flow.csv,Flow-Based,DoS,DoS-UDP-Flood7,294023775,280.40 MB,30000,84,79,5,Label,5,1.984126984126984e-06,1,success,
DoS-UDP_Flood8.pcap_Flow.csv,Anomaly Detection - Flow Based features\DoS\DoS-UDP_Flood\DoS-UDP_Flood8.pcap_Flow.csv,D:\47\472\New-Papers\Atlam_4_2026\Data\Anomaly Detection - Flow Based features\DoS\DoS-UDP_Flood\DoS-UDP_Flood8.pcap_Flow.csv,Flow-Based,DoS,DoS-UDP-Flood8,36249719,34.57 MB,30000,84,79,5,Label,201,7.976190476190476e-05,10,success,
DoS-UDP_Flood9.pcap_Flow.csv,Anomaly Detection - Flow Based features\DoS\DoS-UDP_Flood\DoS-UDP_Flood9.pcap_Flow.csv,D:\47\472\New-Papers\Atlam_4_2026\Data\Anomaly Detection - Flow Based features\DoS\DoS-UDP_Flood\DoS-UDP_Flood9.pcap_Flow.csv,Flow-Based,DoS,DoS-UDP-Flood9,34372458,32.78 MB,30000,84,79,5,Label,226,8.968253968253968e-05,24,success,
Mirai-greeth_flood.pcap_Flow.csv,Anomaly Detection - Flow Based features\Mirai\Mirai-greeth_flood.pcap_Flow.csv,D:\47\472\New-Papers\Atlam_4_2026\Data\Anomaly Detection - Flow Based features\Mirai\Mirai-greeth_flood.pcap_Flow.csv,Flow-Based,Mirai,Mirai-greeth-flood,2697574,2.57 MB,5172,84,79,5,Label,0,0.0,22,success,
Mirai-greeth_flood1.pcap_Flow.csv,Anomaly Detection - Flow Based features\Mirai\Mirai-greeth_flood1.pcap_Flow.csv,D:\47\472\New-Papers\Atlam_4_2026\Data\Anomaly Detection - Flow Based features\Mirai\Mirai-greeth_flood1.pcap_Flow.csv,Flow-Based,Mirai,Mirai-greeth-flood1,5418260,5.17 MB,10856,84,79,5,Label,0,0.0,6,success,
Mirai-greeth_flood10.pcap_Flow.csv,Anomaly Detection - Flow Based features\Mirai\Mirai-greeth_flood10.pcap_Flow.csv,D:\47\472\New-Papers\Atlam_4_2026\Data\Anomaly Detection - Flow Based features\Mirai\Mirai-greeth_flood10.pcap_Flow.csv,Flow-Based,Mirai,Mirai-greeth-flood10,4290872,4.09 MB,8187,84,79,5,Label,2,2.908211043058973e-06,8,success,
Mirai-greeth_flood11.pcap_Flow.csv,Anomaly Detection - Flow Based features\Mirai\Mirai-greeth_flood11.pcap_Flow.csv,D:\47\472\New-Papers\Atlam_4_2026\Data\Anomaly Detection - Flow Based features\Mirai\Mirai-greeth_flood11.pcap_Flow.csv,Flow-Based,Mirai,Mirai-greeth-flood11,4417973,4.21 MB,8377,84,79,5,Label,1,1.421124734960237e-06,5,success,
Mirai-greeth_flood12.pcap_Flow.csv,Anomaly Detection - Flow Based features\Mirai\Mirai-greeth_flood12.pcap_Flow.csv,D:\47\472\New-Papers\Atlam_4_2026\Data\Anomaly Detection - Flow Based features\Mirai\Mirai-greeth_flood12.pcap_Flow.csv,Flow-Based,Mirai,Mirai-greeth-flood12,3450066,3.29 MB,6423,84,79,5,Label,6,1.112074909365895e-05,23,success,
Mirai-greeth_flood13.pcap_Flow.csv,Anomaly Detection - Flow Based features\Mirai\Mirai-greeth_flood13.pcap_Flow.csv,D:\47\472\New-Papers\Atlam_4_2026\Data\Anomaly Detection - Flow Based features\Mirai\Mirai-greeth_flood13.pcap_Flow.csv,Flow-Based,Mirai,Mirai-greeth-flood13,5484242,5.23 MB,10306,84,79,5,Label,4,4.620516943435632e-06,38,success,
Mirai-greeth_flood14.pcap_Flow.csv,Anomaly Detection - Flow Based features\Mirai\Mirai-greeth_flood14.pcap_Flow.csv,D:\47\472\New-Papers\Atlam_4_2026\Data\Anomaly Detection - Flow Based features\Mirai\Mirai-greeth_flood14.pcap_Flow.csv,Flow-Based,Mirai,Mirai-greeth-flood14,1586847,1.51 MB,2977,84,79,5,Label,0,0.0,0,success,
Mirai-greeth_flood15.pcap_Flow.csv,Anomaly Detection - Flow Based features\Mirai\Mirai-greeth_flood15.pcap_Flow.csv,D:\47\472\New-Papers\Atlam_4_2026\Data\Anomaly Detection - Flow Based features\Mirai\Mirai-greeth_flood15.pcap_Flow.csv,Flow-Based,Mirai,Mirai-greeth-flood15,1774402,1.69 MB,3247,84,79,5,Label,2,7.3327760423541144e-06,2,success,
Mirai-greeth_flood16.pcap_Flow.csv,Anomaly Detection - Flow Based features\Mirai\Mirai-greeth_flood16.pcap_Flow.csv,D:\47\472\New-Papers\Atlam_4_2026\Data\Anomaly Detection - Flow Based features\Mirai\Mirai-greeth_flood16.pcap_Flow.csv,Flow-Based,Mirai,Mirai-greeth-flood16,2348608,2.24 MB,4438,84,79,5,Label,0,0.0,0,success,
Mirai-greeth_flood17.pcap_Flow.csv,Anomaly Detection - Flow Based features\Mirai\Mirai-greeth_flood17.pcap_Flow.csv,D:\47\472\New-Papers\Atlam_4_2026\Data\Anomaly Detection - Flow Based features\Mirai\Mirai-greeth_flood17.pcap_Flow.csv,Flow-Based,Mirai,Mirai-greeth-flood17,1527807,1.46 MB,2790,84,79,5,Label,0,0.0,0,success,
Mirai-greeth_flood18.pcap_Flow.csv,Anomaly Detection - Flow Based features\Mirai\Mirai-greeth_flood18.pcap_Flow.csv,D:\47\472\New-Papers\Atlam_4_2026\Data\Anomaly Detection - Flow Based features\Mirai\Mirai-greeth_flood18.pcap_Flow.csv,Flow-Based,Mirai,Mirai-greeth-flood18,1753300,1.67 MB,3265,84,79,5,Label,0,0.0,2,success,
Mirai-greeth_flood19.pcap_Flow.csv,Anomaly Detection - Flow Based features\Mirai\Mirai-greeth_flood19.pcap_Flow.csv,D:\47\472\New-Papers\Atlam_4_2026\Data\Anomaly Detection - Flow Based features\Mirai\Mirai-greeth_flood19.pcap_Flow.csv,Flow-Based,Mirai,Mirai-greeth-flood19,1844515,1.76 MB,3481,84,79,5,Label,3,1.0259777568022326e-05,2,success,
Mirai-greeth_flood2.pcap_Flow.csv,Anomaly Detection - Flow Based features\Mirai\Mirai-greeth_flood2.pcap_Flow.csv,D:\47\472\New-Papers\Atlam_4_2026\Data\Anomaly Detection - Flow Based features\Mirai\Mirai-greeth_flood2.pcap_Flow.csv,Flow-Based,Mirai,Mirai-greeth-flood2,2093488,2.00 MB,4071,84,79,5,Label,1,2.9242844276005663e-06,0,success,
Mirai-greeth_flood20.pcap_Flow.csv,Anomaly Detection - Flow Based features\Mirai\Mirai-greeth_flood20.pcap_Flow.csv,D:\47\472\New-Papers\Atlam_4_2026\Data\Anomaly Detection - Flow Based features\Mirai\Mirai-greeth_flood20.pcap_Flow.csv,Flow-Based,Mirai,Mirai-greeth-flood20,2209649,2.11 MB,4100,84,79,5,Label,0,0.0,5,success,
Mirai-greeth_flood21.pcap_Flow.csv,Anomaly Detection - Flow Based features\Mirai\Mirai-greeth_flood21.pcap_Flow.csv,D:\47\472\New-Papers\Atlam_4_2026\Data\Anomaly Detection - Flow Based features\Mirai\Mirai-greeth_flood21.pcap_Flow.csv,Flow-Based,Mirai,Mirai-greeth-flood21,2440139,2.33 MB,4507,84,79,5,Label,0,0.0,0,success,
Mirai-greeth_flood22.pcap_Flow.csv,Anomaly Detection - Flow Based features\Mirai\Mirai-greeth_flood22.pcap_Flow.csv,D:\47\472\New-Papers\Atlam_4_2026\Data\Anomaly Detection - Flow Based features\Mirai\Mirai-greeth_flood22.pcap_Flow.csv,Flow-Based,Mirai,Mirai-greeth-flood22,3541638,3.38 MB,6609,84,79,5,Label,6,1.080777295030586e-05,12,success,
Mirai-greeth_flood23.pcap_Flow.csv,Anomaly Detection - Flow Based features\Mirai\Mirai-greeth_flood23.pcap_Flow.csv,D:\47\472\New-Papers\Atlam_4_2026\Data\Anomaly Detection - Flow Based features\Mirai\Mirai-greeth_flood23.pcap_Flow.csv,Flow-Based,Mirai,Mirai-greeth-flood23,2479370,2.36 MB,4572,84,79,5,Label,2,5.207682373036704e-06,4,success,
Mirai-greeth_flood24.pcap_Flow.csv,Anomaly Detection - Flow Based features\Mirai\Mirai-greeth_flood24.pcap_Flow.csv,D:\47\472\New-Papers\Atlam_4_2026\Data\Anomaly Detection - Flow Based features\Mirai\Mirai-greeth_flood24.pcap_Flow.csv,Flow-Based,Mirai,Mirai-greeth-flood24,1398318,1.33 MB,2546,84,79,5,Label,0,0.0,0,success,
Mirai-greeth_flood25.pcap_Flow.csv,Anomaly Detection - Flow Based features\Mirai\Mirai-greeth_flood25.pcap_Flow.csv,D:\47\472\New-Papers\Atlam_4_2026\Data\Anomaly Detection - Flow Based features\Mirai\Mirai-greeth_flood25.pcap_Flow.csv,Flow-Based,Mirai,Mirai-greeth-flood25,1343728,1.28 MB,2500,84,79,5,Label,1,4.7619047619047615e-06,0,success,
Mirai-greeth_flood26.pcap_Flow.csv,Anomaly Detection - Flow Based features\Mirai\Mirai-greeth_flood26.pcap_Flow.csv,D:\47\472\New-Papers\Atlam_4_2026\Data\Anomaly Detection - Flow Based features\Mirai\Mirai-greeth_flood26.pcap_Flow.csv,Flow-Based,Mirai,Mirai-greeth-flood26,3018763,2.88 MB,5482,84,79,5,Label,2,4.3432184986362295e-06,4,success,
Mirai-greeth_flood27.pcap_Flow.csv,Anomaly Detection - Flow Based features\Mirai\Mirai-greeth_flood27.pcap_Flow.csv,D:\47\472\New-Papers\Atlam_4_2026\Data\Anomaly Detection - Flow Based features\Mirai\Mirai-greeth_flood27.pcap_Flow.csv,Flow-Based,Mirai,Mirai-greeth-flood27,3961228,3.78 MB,7602,84,79,5,Label,1,1.5660039338018817e-06,12,success,
Mirai-greeth_flood28.pcap_Flow.csv,Anomaly Detection - Flow Based features\Mirai\Mirai-greeth_flood28.pcap_Flow.csv,D:\47\472\New-Papers\Atlam_4_2026\Data\Anomaly Detection - Flow Based features\Mirai\Mirai-greeth_flood28.pcap_Flow.csv,Flow-Based,Mirai,Mirai-greeth-flood28,4474428,4.27 MB,8451,84,79,5,Label,1,1.4086808549002372e-06,7,success,
Mirai-greeth_flood3.pcap_Flow.csv,Anomaly Detection - Flow Based features\Mirai\Mirai-greeth_flood3.pcap_Flow.csv,D:\47\472\New-Papers\Atlam_4_2026\Data\Anomaly Detection - Flow Based features\Mirai\Mirai-greeth_flood3.pcap_Flow.csv,Flow-Based,Mirai,Mirai-greeth-flood3,2342106,2.23 MB,4647,84,79,5,Label,0,0.0,0,success,
Mirai-greeth_flood4.pcap_Flow.csv,Anomaly Detection - Flow Based features\Mirai\Mirai-greeth_flood4.pcap_Flow.csv,D:\47\472\New-Papers\Atlam_4_2026\Data\Anomaly Detection - Flow Based features\Mirai\Mirai-greeth_flood4.pcap_Flow.csv,Flow-Based,Mirai,Mirai-greeth-flood4,4469679,4.26 MB,9012,84,79,5,Label,0,0.0,8,success,
Mirai-greeth_flood5.pcap_Flow.csv,Anomaly Detection - Flow Based features\Mirai\Mirai-greeth_flood5.pcap_Flow.csv,D:\47\472\New-Papers\Atlam_4_2026\Data\Anomaly Detection - Flow Based features\Mirai\Mirai-greeth_flood5.pcap_Flow.csv,Flow-Based,Mirai,Mirai-greeth-flood5,1995038,1.90 MB,3873,84,79,5,Label,0,0.0,0,success,
Mirai-greeth_flood6.pcap_Flow.csv,Anomaly Detection - Flow Based features\Mirai\Mirai-greeth_flood6.pcap_Flow.csv,D:\47\472\New-Papers\Atlam_4_2026\Data\Anomaly Detection - Flow Based features\Mirai\Mirai-greeth_flood6.pcap_Flow.csv,Flow-Based,Mirai,Mirai-greeth-flood6,5781554,5.51 MB,11786,84,79,5,Label,2,2.020153046794825e-06,24,success,
Mirai-greeth_flood7.pcap_Flow.csv,Anomaly Detection - Flow Based features\Mirai\Mirai-greeth_flood7.pcap_Flow.csv,D:\47\472\New-Papers\Atlam_4_2026\Data\Anomaly Detection - Flow Based features\Mirai\Mirai-greeth_flood7.pcap_Flow.csv,Flow-Based,Mirai,Mirai-greeth-flood7,3877861,3.70 MB,7789,84,79,5,Label,0,0.0,2,success,
Mirai-greeth_flood8.pcap_Flow.csv,Anomaly Detection - Flow Based features\Mirai\Mirai-greeth_flood8.pcap_Flow.csv,D:\47\472\New-Papers\Atlam_4_2026\Data\Anomaly Detection - Flow Based features\Mirai\Mirai-greeth_flood8.pcap_Flow.csv,Flow-Based,Mirai,Mirai-greeth-flood8,2758829,2.63 MB,5443,84,79,5,Label,1,2.1871691906599126e-06,0,success,
Mirai-greeth_flood9.pcap_Flow.csv,Anomaly Detection - Flow Based features\Mirai\Mirai-greeth_flood9.pcap_Flow.csv,D:\47\472\New-Papers\Atlam_4_2026\Data\Anomaly Detection - Flow Based features\Mirai\Mirai-greeth_flood9.pcap_Flow.csv,Flow-Based,Mirai,Mirai-greeth-flood9,6169586,5.88 MB,12079,84,79,5,Label,3,2.956725367520963e-06,15,success,
VulnerabilityScan.pcap_Flow.csv,Anomaly Detection - Flow Based features\Recon\VulnerabilityScan\VulnerabilityScan.pcap_Flow.csv,D:\47\472\New-Papers\Atlam_4_2026\Data\Anomaly Detection - Flow Based features\Recon\VulnerabilityScan\VulnerabilityScan.pcap_Flow.csv,Flow-Based,Recon,VulnerabilityScan,227366191,216.83 MB,30000,84,79,5,Label,12,4.7619047619047615e-06,3,success,
MITM-ArpSpoofing.pcap_Flow.csv,Anomaly Detection - Flow Based features\Spoofing\ARP Spoofing\MITM-ArpSpoofing.pcap_Flow.csv,D:\47\472\New-Papers\Atlam_4_2026\Data\Anomaly Detection - Flow Based features\Spoofing\ARP Spoofing\MITM-ArpSpoofing.pcap_Flow.csv,Flow-Based,Spoofing,MITM-ArpSpoofing,38412116,36.63 MB,30000,84,79,5,Label,14,5.555555555555556e-06,27,success,
MITM-ArpSpoofing1.pcap_Flow.csv,Anomaly Detection - Flow Based features\Spoofing\ARP Spoofing\MITM-ArpSpoofing1.pcap_Flow.csv,D:\47\472\New-Papers\Atlam_4_2026\Data\Anomaly Detection - Flow Based features\Spoofing\ARP Spoofing\MITM-ArpSpoofing1.pcap_Flow.csv,Flow-Based,Spoofing,MITM-ArpSpoofing1,4908382,4.68 MB,9349,84,79,5,Label,3,3.820118270861666e-06,10,success,
DNS_Spoofing.pcap_Flow.csv,Anomaly Detection - Flow Based features\Spoofing\DNS Spoofing\DNS_Spoofing.pcap_Flow.csv,D:\47\472\New-Papers\Atlam_4_2026\Data\Anomaly Detection - Flow Based features\Spoofing\DNS Spoofing\DNS_Spoofing.pcap_Flow.csv,Flow-Based,Spoofing,DNS-Spoofing,40603302,38.72 MB,30000,84,79,5,Label,37,1.4682539682539683e-05,32,success,
SqlInjection.pcap_Flow.csv,Anomaly Detection - Flow Based features\Web-Based\sqlinjection\SqlInjection.pcap_Flow.csv,D:\47\472\New-Papers\Atlam_4_2026\Data\Anomaly Detection - Flow Based features\Web-Based\sqlinjection\SqlInjection.pcap_Flow.csv,Flow-Based,Web-Based,SqlInjection,3500463,3.34 MB,6603,84,79,5,Label,1,1.8029322890749515e-06,0,success,
Uploading_Attack.pcap_Flow.csv,Anomaly Detection - Flow Based features\Web-Based\Uploading_Attack\Uploading_Attack.pcap_Flow.csv,D:\47\472\New-Papers\Atlam_4_2026\Data\Anomaly Detection - Flow Based features\Web-Based\Uploading_Attack\Uploading_Attack.pcap_Flow.csv,Flow-Based,Web-Based,Uploading-Attack,710764,694.11 KB,1348,84,79,5,Label,0,0.0,0,success,
XSS.pcap_Flow.csv,Anomaly Detection - Flow Based features\Web-Based\XSS\XSS.pcap_Flow.csv,D:\47\472\New-Papers\Atlam_4_2026\Data\Anomaly Detection - Flow Based features\Web-Based\XSS\XSS.pcap_Flow.csv,Flow-Based,Web-Based,XSS,1844898,1.76 MB,3377,84,79,5,Label,0,0.0,0,success,
BenignTraffic.csv,Device Identification_Anomaly Detection - Packet Based Features\BenignTraffic\BenignTraffic.csv,D:\47\472\New-Papers\Atlam_4_2026\Data\Device Identification_Anomaly Detection - Packet Based Features\BenignTraffic\BenignTraffic.csv,Packet-Based,Benign,BenignTraffic,365658072,348.72 MB,30000,135,119,16,port_class_dst,118096,0.029159506172839505,0,success,
BenignTraffic1.csv,Device Identification_Anomaly Detection - Packet Based Features\BenignTraffic\BenignTraffic1.csv,D:\47\472\New-Papers\Atlam_4_2026\Data\Device Identification_Anomaly Detection - Packet Based Features\BenignTraffic\BenignTraffic1.csv,Packet-Based,Benign,BenignTraffic1,397092624,378.70 MB,30000,135,119,16,port_class_dst,94740,0.023392592592592593,0,success,
BenignTraffic2.csv,Device Identification_Anomaly Detection - Packet Based Features\BenignTraffic\BenignTraffic2.csv,D:\47\472\New-Papers\Atlam_4_2026\Data\Device Identification_Anomaly Detection - Packet Based Features\BenignTraffic\BenignTraffic2.csv,Packet-Based,Benign,BenignTraffic2,394933663,376.64 MB,30000,135,119,16,port_class_dst,103152,0.02546962962962963,0,success,
BenignTraffic3.csv,Device Identification_Anomaly Detection - Packet Based Features\BenignTraffic\BenignTraffic3.csv,D:\47\472\New-Papers\Atlam_4_2026\Data\Device Identification_Anomaly Detection - Packet Based Features\BenignTraffic\BenignTraffic3.csv,Packet-Based,Benign,BenignTraffic3,397976147,379.54 MB,30000,135,119,16,port_class_dst,96284,0.023773827160493827,0,success,
DictionaryBruteForce.csv,Device Identification_Anomaly Detection - Packet Based Features\BruteForce\DictionaryBruteForce\DictionaryBruteForce.csv,D:\47\472\New-Papers\Atlam_4_2026\Data\Device Identification_Anomaly Detection - Packet Based Features\BruteForce\DictionaryBruteForce\DictionaryBruteForce.csv,Packet-Based,Brute Force,DictionaryBruteForce,164967707,157.33 MB,30000,135,119,16,port_class_dst,150283,0.03710691358024691,0,success,
DDoS-ACK_Fragmentation.csv,Device Identification_Anomaly Detection - Packet Based Features\DDoS\DDoS-ACK_Fragmentation\DDoS-ACK_Fragmentation.csv,D:\47\472\New-Papers\Atlam_4_2026\Data\Device Identification_Anomaly Detection - Packet Based Features\DDoS\DDoS-ACK_Fragmentation\DDoS-ACK_Fragmentation.csv,Packet-Based,DDoS,DDoS-ACK-Fragmentation,382726394,365.00 MB,30000,135,119,16,port_class_dst,305866,0.07552246913580248,0,success,
DDoS-ACK_Fragmentation1.csv,Device Identification_Anomaly Detection - Packet Based Features\DDoS\DDoS-ACK_Fragmentation\DDoS-ACK_Fragmentation1.csv,D:\47\472\New-Papers\Atlam_4_2026\Data\Device Identification_Anomaly Detection - Packet Based Features\DDoS\DDoS-ACK_Fragmentation\DDoS-ACK_Fragmentation1.csv,Packet-Based,DDoS,DDoS-ACK-Fragmentation1,373796088,356.48 MB,30000,135,119,16,port_class_dst,341755,0.08438395061728395,0,success,
DDoS-ACK_Fragmentation10.csv,Device Identification_Anomaly Detection - Packet Based Features\DDoS\DDoS-ACK_Fragmentation\DDoS-ACK_Fragmentation10.csv,D:\47\472\New-Papers\Atlam_4_2026\Data\Device Identification_Anomaly Detection - Packet Based Features\DDoS\DDoS-ACK_Fragmentation\DDoS-ACK_Fragmentation10.csv,Packet-Based,DDoS,DDoS-ACK-Fragmentation10,376940872,359.48 MB,30000,135,119,16,port_class_dst,344958,0.08517481481481481,0,success,
DDoS-ACK_Fragmentation11.csv,Device Identification_Anomaly Detection - Packet Based Features\DDoS\DDoS-ACK_Fragmentation\DDoS-ACK_Fragmentation11.csv,D:\47\472\New-Papers\Atlam_4_2026\Data\Device Identification_Anomaly Detection - Packet Based Features\DDoS\DDoS-ACK_Fragmentation\DDoS-ACK_Fragmentation11.csv,Packet-Based,DDoS,DDoS-ACK-Fragmentation11,373597760,356.29 MB,30000,135,119,16,port_class_dst,313342,0.07736839506172839,0,success,
DDoS-ACK_Fragmentation12.csv,Device Identification_Anomaly Detection - Packet Based Features\DDoS\DDoS-ACK_Fragmentation\DDoS-ACK_Fragmentation12.csv,D:\47\472\New-Papers\Atlam_4_2026\Data\Device Identification_Anomaly Detection - Packet Based Features\DDoS\DDoS-ACK_Fragmentation\DDoS-ACK_Fragmentation12.csv,Packet-Based,DDoS,DDoS-ACK-Fragmentation12,379226054,361.66 MB,30000,135,119,16,port_class_dst,345654,0.08534666666666667,0,success,
DDoS-ACK_Fragmentation2.csv,Device Identification_Anomaly Detection - Packet Based Features\DDoS\DDoS-ACK_Fragmentation\DDoS-ACK_Fragmentation2.csv,D:\47\472\New-Papers\Atlam_4_2026\Data\Device Identification_Anomaly Detection - Packet Based Features\DDoS\DDoS-ACK_Fragmentation\DDoS-ACK_Fragmentation2.csv,Packet-Based,DDoS,DDoS-ACK-Fragmentation2,375467016,358.07 MB,30000,135,119,16,port_class_dst,344712,0.08511407407407408,0,success,
DDoS-ACK_Fragmentation3.csv,Device Identification_Anomaly Detection - Packet Based Features\DDoS\DDoS-ACK_Fragmentation\DDoS-ACK_Fragmentation3.csv,D:\47\472\New-Papers\Atlam_4_2026\Data\Device Identification_Anomaly Detection - Packet Based Features\DDoS\DDoS-ACK_Fragmentation\DDoS-ACK_Fragmentation3.csv,Packet-Based,DDoS,DDoS-ACK-Fragmentation3,379018438,361.46 MB,30000,135,120,15,port_class_dst,344112,0.08496592592592593,0,success,
DDoS-ACK_Fragmentation4.csv,Device Identification_Anomaly Detection - Packet Based Features\DDoS\DDoS-ACK_Fragmentation\DDoS-ACK_Fragmentation4.csv,D:\47\472\New-Papers\Atlam_4_2026\Data\Device Identification_Anomaly Detection - Packet Based Features\DDoS\DDoS-ACK_Fragmentation\DDoS-ACK_Fragmentation4.csv,Packet-Based,DDoS,DDoS-ACK-Fragmentation4,252602851,240.90 MB,30000,135,119,16,port_class_dst,277751,0.0685804938271605,0,success,
DDoS-ACK_Fragmentation5.csv,Device Identification_Anomaly Detection - Packet Based Features\DDoS\DDoS-ACK_Fragmentation\DDoS-ACK_Fragmentation5.csv,D:\47\472\New-Papers\Atlam_4_2026\Data\Device Identification_Anomaly Detection - Packet Based Features\DDoS\DDoS-ACK_Fragmentation\DDoS-ACK_Fragmentation5.csv,Packet-Based,DDoS,DDoS-ACK-Fragmentation5,386711552,368.80 MB,30000,135,120,15,port_class_dst,345423,0.08528962962962963,0,success,
DDoS-ACK_Fragmentation6.csv,Device Identification_Anomaly Detection - Packet Based Features\DDoS\DDoS-ACK_Fragmentation\DDoS-ACK_Fragmentation6.csv,D:\47\472\New-Papers\Atlam_4_2026\Data\Device Identification_Anomaly Detection - Packet Based Features\DDoS\DDoS-ACK_Fragmentation\DDoS-ACK_Fragmentation6.csv,Packet-Based,DDoS,DDoS-ACK-Fragmentation6,385502297,367.64 MB,30000,135,119,16,port_class_dst,343845,0.0849,0,success,
DDoS-ACK_Fragmentation7.csv,Device Identification_Anomaly Detection - Packet Based Features\DDoS\DDoS-ACK_Fragmentation\DDoS-ACK_Fragmentation7.csv,D:\47\472\New-Papers\Atlam_4_2026\Data\Device Identification_Anomaly Detection - Packet Based Features\DDoS\DDoS-ACK_Fragmentation\DDoS-ACK_Fragmentation7.csv,Packet-Based,DDoS,DDoS-ACK-Fragmentation7,385710692,367.84 MB,30000,135,119,16,port_class_dst,346329,0.08551333333333333,0,success,
DDoS-ACK_Fragmentation8.csv,Device Identification_Anomaly Detection - Packet Based Features\DDoS\DDoS-ACK_Fragmentation\DDoS-ACK_Fragmentation8.csv,D:\47\472\New-Papers\Atlam_4_2026\Data\Device Identification_Anomaly Detection - Packet Based Features\DDoS\DDoS-ACK_Fragmentation\DDoS-ACK_Fragmentation8.csv,Packet-Based,DDoS,DDoS-ACK-Fragmentation8,383331317,365.57 MB,30000,135,119,16,port_class_dst,341537,0.08433012345679013,0,success,
DDoS-ACK_Fragmentation9.csv,Device Identification_Anomaly Detection - Packet Based Features\DDoS\DDoS-ACK_Fragmentation\DDoS-ACK_Fragmentation9.csv,D:\47\472\New-Papers\Atlam_4_2026\Data\Device Identification_Anomaly Detection - Packet Based Features\DDoS\DDoS-ACK_Fragmentation\DDoS-ACK_Fragmentation9.csv,Packet-Based,DDoS,DDoS-ACK-Fragmentation9,376137702,358.71 MB,30000,135,119,16,port_class_dst,293224,0.07240098765432099,0,success,
DDoS-HTTP_Flood-.csv,Device Identification_Anomaly Detection - Packet Based Features\DDoS\DDoS-HTTP_Flood\DDoS-HTTP_Flood-.csv,D:\47\472\New-Papers\Atlam_4_2026\Data\Device Identification_Anomaly Detection - Packet Based Features\DDoS\DDoS-HTTP_Flood\DDoS-HTTP_Flood-.csv,Packet-Based,DDoS,DDoS-HTTP-Flood,395133213,376.83 MB,30000,135,119,16,port_class_dst,150079,0.037056543209876544,0,success,
DDoS-ICMP_Fragmentation.csv,Device Identification_Anomaly Detection - Packet Based Features\DDoS\DDoS-ICMP_Fragmentation\DDoS-ICMP_Fragmentation.csv,D:\47\472\New-Papers\Atlam_4_2026\Data\Device Identification_Anomaly Detection - Packet Based Features\DDoS\DDoS-ICMP_Fragmentation\DDoS-ICMP_Fragmentation.csv,Packet-Based,DDoS,DDoS-ICMP-Fragmentation,412752287,393.63 MB,30000,135,119,16,port_class_dst,48429,0.011957777777777777,0,success,
DDoS-ICMP_Fragmentation1.csv,Device Identification_Anomaly Detection - Packet Based Features\DDoS\DDoS-ICMP_Fragmentation\DDoS-ICMP_Fragmentation1.csv,D:\47\472\New-Papers\Atlam_4_2026\Data\Device Identification_Anomaly Detection - Packet Based Features\DDoS\DDoS-ICMP_Fragmentation\DDoS-ICMP_Fragmentation1.csv,Packet-Based,DDoS,DDoS-ICMP-Fragmentation1,394507353,376.23 MB,30000,135,119,16,port_class_dst,54579,0.013476296296296297,0,success,
DDoS-ICMP_Fragmentation10.csv,Device Identification_Anomaly Detection - Packet Based Features\DDoS\DDoS-ICMP_Fragmentation\DDoS-ICMP_Fragmentation10.csv,D:\47\472\New-Papers\Atlam_4_2026\Data\Device Identification_Anomaly Detection - Packet Based Features\DDoS\DDoS-ICMP_Fragmentation\DDoS-ICMP_Fragmentation10.csv,Packet-Based,DDoS,DDoS-ICMP-Fragmentation10,432066799,412.05 MB,30000,135,119,16,port_class_dst,39854,0.009840493827160493,0,success,
DDoS-ICMP_Fragmentation11.csv,Device Identification_Anomaly Detection - Packet Based Features\DDoS\DDoS-ICMP_Fragmentation\DDoS-ICMP_Fragmentation11.csv,D:\47\472\New-Papers\Atlam_4_2026\Data\Device Identification_Anomaly Detection - Packet Based Features\DDoS\DDoS-ICMP_Fragmentation\DDoS-ICMP_Fragmentation11.csv,Packet-Based,DDoS,DDoS-ICMP-Fragmentation11,428949173,409.08 MB,30000,135,119,16,port_class_dst,38949,0.009617037037037037,0,success,
DDoS-ICMP_Fragmentation12.csv,Device Identification_Anomaly Detection - Packet Based Features\DDoS\DDoS-ICMP_Fragmentation\DDoS-ICMP_Fragmentation12.csv,D:\47\472\New-Papers\Atlam_4_2026\Data\Device Identification_Anomaly Detection - Packet Based Features\DDoS\DDoS-ICMP_Fragmentation\DDoS-ICMP_Fragmentation12.csv,Packet-Based,DDoS,DDoS-ICMP-Fragmentation12,422845505,403.26 MB,30000,135,119,16,port_class_dst,48637,0.012009135802469135,0,success,
DDoS-ICMP_Fragmentation13.csv,Device Identification_Anomaly Detection - Packet Based Features\DDoS\DDoS-ICMP_Fragmentation\DDoS-ICMP_Fragmentation13.csv,D:\47\472\New-Papers\Atlam_4_2026\Data\Device Identification_Anomaly Detection - Packet Based Features\DDoS\DDoS-ICMP_Fragmentation\DDoS-ICMP_Fragmentation13.csv,Packet-Based,DDoS,DDoS-ICMP-Fragmentation13,437871207,417.59 MB,30000,135,119,16,port_class_dst,44182,0.010909135802469137,0,success,
DDoS-ICMP_Fragmentation14.csv,Device Identification_Anomaly Detection - Packet Based Features\DDoS\DDoS-ICMP_Fragmentation\DDoS-ICMP_Fragmentation14.csv,D:\47\472\New-Papers\Atlam_4_2026\Data\Device Identification_Anomaly Detection - Packet Based Features\DDoS\DDoS-ICMP_Fragmentation\DDoS-ICMP_Fragmentation14.csv,Packet-Based,DDoS,DDoS-ICMP-Fragmentation14,432235231,412.21 MB,30000,135,119,16,port_class_dst,36524,0.009018271604938271,0,success,
DDoS-ICMP_Fragmentation15.csv,Device Identification_Anomaly Detection - Packet Based Features\DDoS\DDoS-ICMP_Fragmentation\DDoS-ICMP_Fragmentation15.csv,D:\47\472\New-Papers\Atlam_4_2026\Data\Device Identification_Anomaly Detection - Packet Based Features\DDoS\DDoS-ICMP_Fragmentation\DDoS-ICMP_Fragmentation15.csv,Packet-Based,DDoS,DDoS-ICMP-Fragmentation15,437076141,416.83 MB,30000,135,119,16,port_class_dst,52973,0.013079753086419753,0,success,
DDoS-ICMP_Fragmentation16.csv,Device Identification_Anomaly Detection - Packet Based Features\DDoS\DDoS-ICMP_Fragmentation\DDoS-ICMP_Fragmentation16.csv,D:\47\472\New-Papers\Atlam_4_2026\Data\Device Identification_Anomaly Detection - Packet Based Features\DDoS\DDoS-ICMP_Fragmentation\DDoS-ICMP_Fragmentation16.csv,Packet-Based,DDoS,DDoS-ICMP-Fragmentation16,438468366,418.16 MB,30000,135,119,16,port_class_dst,38191,0.009429876543209877,0,success,
DDoS-ICMP_Fragmentation17.csv,Device Identification_Anomaly Detection - Packet Based Features\DDoS\DDoS-ICMP_Fragmentation\DDoS-ICMP_Fragmentation17.csv,D:\47\472\New-Papers\Atlam_4_2026\Data\Device Identification_Anomaly Detection - Packet Based Features\DDoS\DDoS-ICMP_Fragmentation\DDoS-ICMP_Fragmentation17.csv,Packet-Based,DDoS,DDoS-ICMP-Fragmentation17,425228199,405.53 MB,30000,135,119,16,port_class_dst,55637,0.01373753086419753,0,success,
DDoS-ICMP_Fragmentation18.csv,Device Identification_Anomaly Detection - Packet Based Features\DDoS\DDoS-ICMP_Fragmentation\DDoS-ICMP_Fragmentation18.csv,D:\47\472\New-Papers\Atlam_4_2026\Data\Device Identification_Anomaly Detection - Packet Based Features\DDoS\DDoS-ICMP_Fragmentation\DDoS-ICMP_Fragmentation18.csv,Packet-Based,DDoS,DDoS-ICMP-Fragmentation18,407445455,388.57 MB,30000,135,119,16,port_class_dst,79638,0.019663703703703704,0,success,
DDoS-ICMP_Fragmentation19.csv,Device Identification_Anomaly Detection - Packet Based Features\DDoS\DDoS-ICMP_Fragmentation\DDoS-ICMP_Fragmentation19.csv,D:\47\472\New-Papers\Atlam_4_2026\Data\Device Identification_Anomaly Detection - Packet Based Features\DDoS\DDoS-ICMP_Fragmentation\DDoS-ICMP_Fragmentation19.csv,Packet-Based,DDoS,DDoS-ICMP-Fragmentation19,434697640,414.56 MB,30000,135,119,16,port_class_dst,36478,0.009006913580246913,0,success,
DDoS-ICMP_Fragmentation2.csv,Device Identification_Anomaly Detection - Packet Based Features\DDoS\DDoS-ICMP_Fragmentation\DDoS-ICMP_Fragmentation2.csv,D:\47\472\New-Papers\Atlam_4_2026\Data\Device Identification_Anomaly Detection - Packet Based Features\DDoS\DDoS-ICMP_Fragmentation\DDoS-ICMP_Fragmentation2.csv,Packet-Based,DDoS,DDoS-ICMP-Fragmentation2,421159738,401.65 MB,30000,135,119,16,port_class_dst,48187,0.011898024691358025,0,success,
DDoS-ICMP_Fragmentation20.csv,Device Identification_Anomaly Detection - Packet Based Features\DDoS\DDoS-ICMP_Fragmentation\DDoS-ICMP_Fragmentation20.csv,D:\47\472\New-Papers\Atlam_4_2026\Data\Device Identification_Anomaly Detection - Packet Based Features\DDoS\DDoS-ICMP_Fragmentation\DDoS-ICMP_Fragmentation20.csv,Packet-Based,DDoS,DDoS-ICMP-Fragmentation20,429550257,409.65 MB,30000,135,119,16,port_class_dst,42220,0.010424691358024691,0,success,
DDoS-ICMP_Fragmentation3.csv,Device Identification_Anomaly Detection - Packet Based Features\DDoS\DDoS-ICMP_Fragmentation\DDoS-ICMP_Fragmentation3.csv,D:\47\472\New-Papers\Atlam_4_2026\Data\Device Identification_Anomaly Detection - Packet Based Features\DDoS\DDoS-ICMP_Fragmentation\DDoS-ICMP_Fragmentation3.csv,Packet-Based,DDoS,DDoS-ICMP-Fragmentation3,424444102,404.78 MB,30000,135,119,16,port_class_dst,42676,0.010537283950617284,0,success,
DDoS-ICMP_Fragmentation4.csv,Device Identification_Anomaly Detection - Packet Based Features\DDoS\DDoS-ICMP_Fragmentation\DDoS-ICMP_Fragmentation4.csv,D:\47\472\New-Papers\Atlam_4_2026\Data\Device Identification_Anomaly Detection - Packet Based Features\DDoS\DDoS-ICMP_Fragmentation\DDoS-ICMP_Fragmentation4.csv,Packet-Based,DDoS,DDoS-ICMP-Fragmentation4,406489578,387.66 MB,30000,135,119,16,port_class_dst,66026,0.016302716049382715,0,success,
DDoS-ICMP_Fragmentation5.csv,Device Identification_Anomaly Detection - Packet Based Features\DDoS\DDoS-ICMP_Fragmentation\DDoS-ICMP_Fragmentation5.csv,D:\47\472\New-Papers\Atlam_4_2026\Data\Device Identification_Anomaly Detection - Packet Based Features\DDoS\DDoS-ICMP_Fragmentation\DDoS-ICMP_Fragmentation5.csv,Packet-Based,DDoS,DDoS-ICMP-Fragmentation5,427734683,407.92 MB,30000,135,119,16,port_class_dst,53659,0.013249135802469135,0,success,
DDoS-ICMP_Fragmentation6.csv,Device Identification_Anomaly Detection - Packet Based Features\DDoS\DDoS-ICMP_Fragmentation\DDoS-ICMP_Fragmentation6.csv,D:\47\472\New-Papers\Atlam_4_2026\Data\Device Identification_Anomaly Detection - Packet Based Features\DDoS\DDoS-ICMP_Fragmentation\DDoS-ICMP_Fragmentation6.csv,Packet-Based,DDoS,DDoS-ICMP-Fragmentation6,429550257,409.65 MB,30000,135,119,16,port_class_dst,42220,0.010424691358024691,0,success,
DDoS-ICMP_Fragmentation7.csv,Device Identification_Anomaly Detection - Packet Based Features\DDoS\DDoS-ICMP_Fragmentation\DDoS-ICMP_Fragmentation7.csv,D:\47\472\New-Papers\Atlam_4_2026\Data\Device Identification_Anomaly Detection - Packet Based Features\DDoS\DDoS-ICMP_Fragmentation\DDoS-ICMP_Fragmentation7.csv,Packet-Based,DDoS,DDoS-ICMP-Fragmentation7,432658303,412.62 MB,30000,135,119,16,port_class_dst,40693,0.010047654320987654,0,success,
DDoS-ICMP_Fragmentation8.csv,Device Identification_Anomaly Detection - Packet Based Features\DDoS\DDoS-ICMP_Fragmentation\DDoS-ICMP_Fragmentation8.csv,D:\47\472\New-Papers\Atlam_4_2026\Data\Device Identification_Anomaly Detection - Packet Based Features\DDoS\DDoS-ICMP_Fragmentation\DDoS-ICMP_Fragmentation8.csv,Packet-Based,DDoS,DDoS-ICMP-Fragmentation8,425201587,405.50 MB,30000,135,119,16,port_class_dst,44394,0.010961481481481482,0,success,
DDoS-ICMP_Fragmentation9.csv,Device Identification_Anomaly Detection - Packet Based Features\DDoS\DDoS-ICMP_Fragmentation\DDoS-ICMP_Fragmentation9.csv,D:\47\472\New-Papers\Atlam_4_2026\Data\Device Identification_Anomaly Detection - Packet Based Features\DDoS\DDoS-ICMP_Fragmentation\DDoS-ICMP_Fragmentation9.csv,Packet-Based,DDoS,DDoS-ICMP-Fragmentation9,425025018,405.34 MB,30000,135,119,16,port_class_dst,43236,0.010675555555555556,0,success,
DDoS-SlowLoris.csv,Device Identification_Anomaly Detection - Packet Based Features\DDoS\DDoS-SlowLoris\DDoS-SlowLoris.csv,D:\47\472\New-Papers\Atlam_4_2026\Data\Device Identification_Anomaly Detection - Packet Based Features\DDoS\DDoS-SlowLoris\DDoS-SlowLoris.csv,Packet-Based,DDoS,DDoS-SlowLoris,383768930,365.99 MB,30000,135,119,16,port_class_dst,136397,0.03367827160493827,0,success,
DDoS-SynonymousIP_Flood 1.csv,Device Identification_Anomaly Detection - Packet Based Features\DDoS\DDoS-SynonymousIP_Flood\DDoS-SynonymousIP_Flood 1.csv,D:\47\472\New-Papers\Atlam_4_2026\Data\Device Identification_Anomaly Detection - Packet Based Features\DDoS\DDoS-SynonymousIP_Flood\DDoS-SynonymousIP_Flood 1.csv,Packet-Based,DDoS,DDoS-SynonymousIP-Flood-1,128736767,122.77 MB,30000,135,120,15,port_class_dst,658522,0.16259802469135803,0,success,
DDoS-SynonymousIP_Flood.csv,Device Identification_Anomaly Detection - Packet Based Features\DDoS\DDoS-SynonymousIP_Flood\DDoS-SynonymousIP_Flood.csv,D:\47\472\New-Papers\Atlam_4_2026\Data\Device Identification_Anomaly Detection - Packet Based Features\DDoS\DDoS-SynonymousIP_Flood\DDoS-SynonymousIP_Flood.csv,Packet-Based,DDoS,DDoS-SynonymousIP-Flood,178271597,170.01 MB,30000,135,119,16,port_class_dst,388988,0.09604641975308642,0,success,
DDoS-SynonymousIP_Flood10.csv,Device Identification_Anomaly Detection - Packet Based Features\DDoS\DDoS-SynonymousIP_Flood\DDoS-SynonymousIP_Flood10.csv,D:\47\472\New-Papers\Atlam_4_2026\Data\Device Identification_Anomaly Detection - Packet Based Features\DDoS\DDoS-SynonymousIP_Flood\DDoS-SynonymousIP_Flood10.csv,Packet-Based,DDoS,DDoS-SynonymousIP-Flood10,143913834,137.25 MB,30000,135,120,15,port_class_dst,659980,0.16295802469135803,0,success,
DDoS-SynonymousIP_Flood11.csv,Device Identification_Anomaly Detection - Packet Based Features\DDoS\DDoS-SynonymousIP_Flood\DDoS-SynonymousIP_Flood11.csv,D:\47\472\New-Papers\Atlam_4_2026\Data\Device Identification_Anomaly Detection - Packet Based Features\DDoS\DDoS-SynonymousIP_Flood\DDoS-SynonymousIP_Flood11.csv,Packet-Based,DDoS,DDoS-SynonymousIP-Flood11,152467881,145.40 MB,30000,135,119,16,port_class_dst,642672,0.15868444444444443,0,success,
DDoS-SynonymousIP_Flood12.csv,Device Identification_Anomaly Detection - Packet Based Features\DDoS\DDoS-SynonymousIP_Flood\DDoS-SynonymousIP_Flood12.csv,D:\47\472\New-Papers\Atlam_4_2026\Data\Device Identification_Anomaly Detection - Packet Based Features\DDoS\DDoS-SynonymousIP_Flood\DDoS-SynonymousIP_Flood12.csv,Packet-Based,DDoS,DDoS-SynonymousIP-Flood12,160611047,153.17 MB,30000,135,120,15,port_class_dst,659469,0.16283185185185184,0,success,
DDoS-SynonymousIP_Flood13.csv,Device Identification_Anomaly Detection - Packet Based Features\DDoS\DDoS-SynonymousIP_Flood\DDoS-SynonymousIP_Flood13.csv,D:\47\472\New-Papers\Atlam_4_2026\Data\Device Identification_Anomaly Detection - Packet Based Features\DDoS\DDoS-SynonymousIP_Flood\DDoS-SynonymousIP_Flood13.csv,Packet-Based,DDoS,DDoS-SynonymousIP-Flood13,154845794,147.67 MB,30000,135,120,15,port_class_dst,647944,0.15998617283950617,0,success,
DDoS-SynonymousIP_Flood2.csv,Device Identification_Anomaly Detection - Packet Based Features\DDoS\DDoS-SynonymousIP_Flood\DDoS-SynonymousIP_Flood2.csv,D:\47\472\New-Papers\Atlam_4_2026\Data\Device Identification_Anomaly Detection - Packet Based Features\DDoS\DDoS-SynonymousIP_Flood\DDoS-SynonymousIP_Flood2.csv,Packet-Based,DDoS,DDoS-SynonymousIP-Flood2,144721116,138.02 MB,30000,135,119,16,port_class_dst,659440,0.1628246913580247,0,success,
DDoS-SynonymousIP_Flood3.csv,Device Identification_Anomaly Detection - Packet Based Features\DDoS\DDoS-SynonymousIP_Flood\DDoS-SynonymousIP_Flood3.csv,D:\47\472\New-Papers\Atlam_4_2026\Data\Device Identification_Anomaly Detection - Packet Based Features\DDoS\DDoS-SynonymousIP_Flood\DDoS-SynonymousIP_Flood3.csv,Packet-Based,DDoS,DDoS-SynonymousIP-Flood3,168036879,160.25 MB,30000,135,120,15,port_class_dst,648730,0.16018024691358024,0,success,
DDoS-SynonymousIP_Flood4.csv,Device Identification_Anomaly Detection - Packet Based Features\DDoS\DDoS-SynonymousIP_Flood\DDoS-SynonymousIP_Flood4.csv,D:\47\472\New-Papers\Atlam_4_2026\Data\Device Identification_Anomaly Detection - Packet Based Features\DDoS\DDoS-SynonymousIP_Flood\DDoS-SynonymousIP_Flood4.csv,Packet-Based,DDoS,DDoS-SynonymousIP-Flood4,150576053,143.60 MB,30000,135,120,15,port_class_dst,659499,0.16283925925925927,0,success,
DDoS-SynonymousIP_Flood5.csv,Device Identification_Anomaly Detection - Packet Based Features\DDoS\DDoS-SynonymousIP_Flood\DDoS-SynonymousIP_Flood5.csv,D:\47\472\New-Papers\Atlam_4_2026\Data\Device Identification_Anomaly Detection - Packet Based Features\DDoS\DDoS-SynonymousIP_Flood\DDoS-SynonymousIP_Flood5.csv,Packet-Based,DDoS,DDoS-SynonymousIP-Flood5,149527519,142.60 MB,30000,135,119,16,port_class_dst,659375,0.16280864197530864,0,success,
DDoS-SynonymousIP_Flood6.csv,Device Identification_Anomaly Detection - Packet Based Features\DDoS\DDoS-SynonymousIP_Flood\DDoS-SynonymousIP_Flood6.csv,D:\47\472\New-Papers\Atlam_4_2026\Data\Device Identification_Anomaly Detection - Packet Based Features\DDoS\DDoS-SynonymousIP_Flood\DDoS-SynonymousIP_Flood6.csv,Packet-Based,DDoS,DDoS-SynonymousIP-Flood6,139306235,132.85 MB,30000,135,120,15,port_class_dst,659684,0.16288493827160494,0,success,
DDoS-SynonymousIP_Flood7.csv,Device Identification_Anomaly Detection - Packet Based Features\DDoS\DDoS-SynonymousIP_Flood\DDoS-SynonymousIP_Flood7.csv,D:\47\472\New-Papers\Atlam_4_2026\Data\Device Identification_Anomaly Detection - Packet Based Features\DDoS\DDoS-SynonymousIP_Flood\DDoS-SynonymousIP_Flood7.csv,Packet-Based,DDoS,DDoS-SynonymousIP-Flood7,149537051,142.61 MB,30000,135,120,15,port_class_dst,535135,0.1321320987654321,0,success,
DDoS-SynonymousIP_Flood8.csv,Device Identification_Anomaly Detection - Packet Based Features\DDoS\DDoS-SynonymousIP_Flood\DDoS-SynonymousIP_Flood8.csv,D:\47\472\New-Papers\Atlam_4_2026\Data\Device Identification_Anomaly Detection - Packet Based Features\DDoS\DDoS-SynonymousIP_Flood\DDoS-SynonymousIP_Flood8.csv,Packet-Based,DDoS,DDoS-SynonymousIP-Flood8,157919695,150.60 MB,30000,135,119,16,port_class_dst,658760,0.1626567901234568,0,success,
DDoS-SynonymousIP_Flood9.csv,Device Identification_Anomaly Detection - Packet Based Features\DDoS\DDoS-SynonymousIP_Flood\DDoS-SynonymousIP_Flood9.csv,D:\47\472\New-Papers\Atlam_4_2026\Data\Device Identification_Anomaly Detection - Packet Based Features\DDoS\DDoS-SynonymousIP_Flood\DDoS-SynonymousIP_Flood9.csv,Packet-Based,DDoS,DDoS-SynonymousIP-Flood9,162673015,155.14 MB,30000,135,119,16,port_class_dst,659633,0.16287234567901235,0,success,
DDoS-TCP_Flood.csv,Device Identification_Anomaly Detection - Packet Based Features\DDoS\DDoS-TCP_Flood\DDoS-TCP_Flood.csv,D:\47\472\New-Papers\Atlam_4_2026\Data\Device Identification_Anomaly Detection - Packet Based Features\DDoS\DDoS-TCP_Flood\DDoS-TCP_Flood.csv,Packet-Based,DDoS,DDoS-TCP-Flood,55884538,53.30 MB,30000,135,119,16,port_class_dst,656938,0.16220691358024691,0,success,
DDoS-TCP_Flood1.csv,Device Identification_Anomaly Detection - Packet Based Features\DDoS\DDoS-TCP_Flood\DDoS-TCP_Flood1.csv,D:\47\472\New-Papers\Atlam_4_2026\Data\Device Identification_Anomaly Detection - Packet Based Features\DDoS\DDoS-TCP_Flood\DDoS-TCP_Flood1.csv,Packet-Based,DDoS,DDoS-TCP-Flood1,54746171,52.21 MB,30000,135,119,16,port_class_dst,656209,0.1620269135802469,0,success,
DDoS-TCP_Flood10.csv,Device Identification_Anomaly Detection - Packet Based Features\DDoS\DDoS-TCP_Flood\DDoS-TCP_Flood10.csv,D:\47\472\New-Papers\Atlam_4_2026\Data\Device Identification_Anomaly Detection - Packet Based Features\DDoS\DDoS-TCP_Flood\DDoS-TCP_Flood10.csv,Packet-Based,DDoS,DDoS-TCP-Flood10,63827780,60.87 MB,30000,135,119,16,port_class_dst,560213,0.1383241975308642,0,success,
DDoS-TCP_Flood11.csv,Device Identification_Anomaly Detection - Packet Based Features\DDoS\DDoS-TCP_Flood\DDoS-TCP_Flood11.csv,D:\47\472\New-Papers\Atlam_4_2026\Data\Device Identification_Anomaly Detection - Packet Based Features\DDoS\DDoS-TCP_Flood\DDoS-TCP_Flood11.csv,Packet-Based,DDoS,DDoS-TCP-Flood11,55655541,53.08 MB,30000,135,119,16,port_class_dst,658753,0.16265506172839506,0,success,
DDoS-TCP_Flood12.csv,Device Identification_Anomaly Detection - Packet Based Features\DDoS\DDoS-TCP_Flood\DDoS-TCP_Flood12.csv,D:\47\472\New-Papers\Atlam_4_2026\Data\Device Identification_Anomaly Detection - Packet Based Features\DDoS\DDoS-TCP_Flood\DDoS-TCP_Flood12.csv,Packet-Based,DDoS,DDoS-TCP-Flood12,55948568,53.36 MB,30000,135,119,16,port_class_dst,655845,0.16193703703703705,0,success,
DDoS-TCP_Flood13.csv,Device Identification_Anomaly Detection - Packet Based Features\DDoS\DDoS-TCP_Flood\DDoS-TCP_Flood13.csv,D:\47\472\New-Papers\Atlam_4_2026\Data\Device Identification_Anomaly Detection - Packet Based Features\DDoS\DDoS-TCP_Flood\DDoS-TCP_Flood13.csv,Packet-Based,DDoS,DDoS-TCP-Flood13,60642400,57.83 MB,30000,135,119,16,port_class_dst,657991,0.16246691358024692,0,success,
DDoS-TCP_Flood14.csv,Device Identification_Anomaly Detection - Packet Based Features\DDoS\DDoS-TCP_Flood\DDoS-TCP_Flood14.csv,D:\47\472\New-Papers\Atlam_4_2026\Data\Device Identification_Anomaly Detection - Packet Based Features\DDoS\DDoS-TCP_Flood\DDoS-TCP_Flood14.csv,Packet-Based,DDoS,DDoS-TCP-Flood14,54509168,51.98 MB,30000,135,119,16,port_class_dst,656278,0.16204395061728394,0,success,
DDoS-TCP_Flood15.csv,Device Identification_Anomaly Detection - Packet Based Features\DDoS\DDoS-TCP_Flood\DDoS-TCP_Flood15.csv,D:\47\472\New-Papers\Atlam_4_2026\Data\Device Identification_Anomaly Detection - Packet Based Features\DDoS\DDoS-TCP_Flood\DDoS-TCP_Flood15.csv,Packet-Based,DDoS,DDoS-TCP-Flood15,56368919,53.76 MB,30000,135,119,16,port_class_dst,656333,0.16205753086419752,0,success,
DDoS-TCP_Flood16.csv,Device Identification_Anomaly Detection - Packet Based Features\DDoS\DDoS-TCP_Flood\DDoS-TCP_Flood16.csv,D:\47\472\New-Papers\Atlam_4_2026\Data\Device Identification_Anomaly Detection - Packet Based Features\DDoS\DDoS-TCP_Flood\DDoS-TCP_Flood16.csv,Packet-Based,DDoS,DDoS-TCP-Flood16,56401377,53.79 MB,30000,135,119,16,port_class_dst,656132,0.1620079012345679,0,success,
DDoS-TCP_Flood17.csv,Device Identification_Anomaly Detection - Packet Based Features\DDoS\DDoS-TCP_Flood\DDoS-TCP_Flood17.csv,D:\47\472\New-Papers\Atlam_4_2026\Data\Device Identification_Anomaly Detection - Packet Based Features\DDoS\DDoS-TCP_Flood\DDoS-TCP_Flood17.csv,Packet-Based,DDoS,DDoS-TCP-Flood17,61220347,58.38 MB,30000,135,119,16,port_class_dst,655817,0.16193012345679011,0,success,
DDoS-TCP_Flood2.csv,Device Identification_Anomaly Detection - Packet Based Features\DDoS\DDoS-TCP_Flood\DDoS-TCP_Flood2.csv,D:\47\472\New-Papers\Atlam_4_2026\Data\Device Identification_Anomaly Detection - Packet Based Features\DDoS\DDoS-TCP_Flood\DDoS-TCP_Flood2.csv,Packet-Based,DDoS,DDoS-TCP-Flood2,55891435,53.30 MB,30000,135,119,16,port_class_dst,657828,0.16242666666666666,0,success,
DDoS-TCP_Flood3.csv,Device Identification_Anomaly Detection - Packet Based Features\DDoS\DDoS-TCP_Flood\DDoS-TCP_Flood3.csv,D:\47\472\New-Papers\Atlam_4_2026\Data\Device Identification_Anomaly Detection - Packet Based Features\DDoS\DDoS-TCP_Flood\DDoS-TCP_Flood3.csv,Packet-Based,DDoS,DDoS-TCP-Flood3,59952904,57.18 MB,30000,135,119,16,port_class_dst,657962,0.16245975308641974,0,success,
DDoS-TCP_Flood4.csv,Device Identification_Anomaly Detection - Packet Based Features\DDoS\DDoS-TCP_Flood\DDoS-TCP_Flood4.csv,D:\47\472\New-Papers\Atlam_4_2026\Data\Device Identification_Anomaly Detection - Packet Based Features\DDoS\DDoS-TCP_Flood\DDoS-TCP_Flood4.csv,Packet-Based,DDoS,DDoS-TCP-Flood4,56671861,54.05 MB,30000,135,119,16,port_class_dst,657155,0.16226049382716048,0,success,
DDoS-TCP_Flood5.csv,Device Identification_Anomaly Detection - Packet Based Features\DDoS\DDoS-TCP_Flood\DDoS-TCP_Flood5.csv,D:\47\472\New-Papers\Atlam_4_2026\Data\Device Identification_Anomaly Detection - Packet Based Features\DDoS\DDoS-TCP_Flood\DDoS-TCP_Flood5.csv,Packet-Based,DDoS,DDoS-TCP-Flood5,67210240,64.10 MB,30000,135,119,16,port_class_dst,656219,0.16202938271604939,0,success,
DDoS-TCP_Flood6.csv,Device Identification_Anomaly Detection - Packet Based Features\DDoS\DDoS-TCP_Flood\DDoS-TCP_Flood6.csv,D:\47\472\New-Papers\Atlam_4_2026\Data\Device Identification_Anomaly Detection - Packet Based Features\DDoS\DDoS-TCP_Flood\DDoS-TCP_Flood6.csv,Packet-Based,DDoS,DDoS-TCP-Flood6,56530431,53.91 MB,30000,135,119,16,port_class_dst,657774,0.16241333333333333,0,success,
DDoS-TCP_Flood7.csv,Device Identification_Anomaly Detection - Packet Based Features\DDoS\DDoS-TCP_Flood\DDoS-TCP_Flood7.csv,D:\47\472\New-Papers\Atlam_4_2026\Data\Device Identification_Anomaly Detection - Packet Based Features\DDoS\DDoS-TCP_Flood\DDoS-TCP_Flood7.csv,Packet-Based,DDoS,DDoS-TCP-Flood7,54989380,52.44 MB,30000,135,119,16,port_class_dst,658828,0.16267358024691358,0,success,
DDoS-TCP_Flood8.csv,Device Identification_Anomaly Detection - Packet Based Features\DDoS\DDoS-TCP_Flood\DDoS-TCP_Flood8.csv,D:\47\472\New-Papers\Atlam_4_2026\Data\Device Identification_Anomaly Detection - Packet Based Features\DDoS\DDoS-TCP_Flood\DDoS-TCP_Flood8.csv,Packet-Based,DDoS,DDoS-TCP-Flood8,55578433,53.00 MB,30000,135,119,16,port_class_dst,658408,0.16256987654320987,0,success,
DDoS-TCP_Flood9.csv,Device Identification_Anomaly Detection - Packet Based Features\DDoS\DDoS-TCP_Flood\DDoS-TCP_Flood9.csv,D:\47\472\New-Papers\Atlam_4_2026\Data\Device Identification_Anomaly Detection - Packet Based Features\DDoS\DDoS-TCP_Flood\DDoS-TCP_Flood9.csv,Packet-Based,DDoS,DDoS-TCP-Flood9,59554880,56.80 MB,30000,135,119,16,port_class_dst,658517,0.1625967901234568,0,success,
DDoS-UDP_Flood.csv,Device Identification_Anomaly Detection - Packet Based Features\DDoS\DDoS-UDP_Flood\DDoS-UDP_Flood.csv,D:\47\472\New-Papers\Atlam_4_2026\Data\Device Identification_Anomaly Detection - Packet Based Features\DDoS\DDoS-UDP_Flood\DDoS-UDP_Flood.csv,Packet-Based,DDoS,DDoS-UDP-Flood,92018846,87.76 MB,30000,135,119,16,port_class_dst,44263,0.010929135802469136,0,success,
DDoS-UDP_Flood1.csv,Device Identification_Anomaly Detection - Packet Based Features\DDoS\DDoS-UDP_Flood\DDoS-UDP_Flood1.csv,D:\47\472\New-Papers\Atlam_4_2026\Data\Device Identification_Anomaly Detection - Packet Based Features\DDoS\DDoS-UDP_Flood\DDoS-UDP_Flood1.csv,Packet-Based,DDoS,DDoS-UDP-Flood1,90831509,86.62 MB,30000,135,119,16,port_class_dst,37058,0.009150123456790123,0,success,
DDoS-UDP_Flood10.csv,Device Identification_Anomaly Detection - Packet Based Features\DDoS\DDoS-UDP_Flood\DDoS-UDP_Flood10.csv,D:\47\472\New-Papers\Atlam_4_2026\Data\Device Identification_Anomaly Detection - Packet Based Features\DDoS\DDoS-UDP_Flood\DDoS-UDP_Flood10.csv,Packet-Based,DDoS,DDoS-UDP-Flood10,269443994,256.96 MB,30000,135,119,16,port_class_dst,32532,0.008032592592592593,0,success,
DDoS-UDP_Flood11.csv,Device Identification_Anomaly Detection - Packet Based Features\DDoS\DDoS-UDP_Flood\DDoS-UDP_Flood11.csv,D:\47\472\New-Papers\Atlam_4_2026\Data\Device Identification_Anomaly Detection - Packet Based Features\DDoS\DDoS-UDP_Flood\DDoS-UDP_Flood11.csv,Packet-Based,DDoS,DDoS-UDP-Flood11,292639908,279.08 MB,30000,135,119,16,port_class_dst,32826,0.008105185185185186,0,success,
DDoS-UDP_Flood12.csv,Device Identification_Anomaly Detection - Packet Based Features\DDoS\DDoS-UDP_Flood\DDoS-UDP_Flood12.csv,D:\47\472\New-Papers\Atlam_4_2026\Data\Device Identification_Anomaly Detection - Packet Based Features\DDoS\DDoS-UDP_Flood\DDoS-UDP_Flood12.csv,Packet-Based,DDoS,DDoS-UDP-Flood12,306413263,292.22 MB,30000,135,119,16,port_class_dst,32533,0.00803283950617284,0,success,
DDoS-UDP_Flood13.csv,Device Identification_Anomaly Detection - Packet Based Features\DDoS\DDoS-UDP_Flood\DDoS-UDP_Flood13.csv,D:\47\472\New-Papers\Atlam_4_2026\Data\Device Identification_Anomaly Detection - Packet Based Features\DDoS\DDoS-UDP_Flood\DDoS-UDP_Flood13.csv,Packet-Based,DDoS,DDoS-UDP-Flood13,292862973,279.30 MB,30000,135,119,16,port_class_dst,33018,0.008152592592592593,0,success,
DDoS-UDP_Flood14.csv,Device Identification_Anomaly Detection - Packet Based Features\DDoS\DDoS-UDP_Flood\DDoS-UDP_Flood14.csv,D:\47\472\New-Papers\Atlam_4_2026\Data\Device Identification_Anomaly Detection - Packet Based Features\DDoS\DDoS-UDP_Flood\DDoS-UDP_Flood14.csv,Packet-Based,DDoS,DDoS-UDP-Flood14,312922575,298.43 MB,30000,135,119,16,port_class_dst,31927,0.00788320987654321,0,success,
DDoS-UDP_Flood15.csv,Device Identification_Anomaly Detection - Packet Based Features\DDoS\DDoS-UDP_Flood\DDoS-UDP_Flood15.csv,D:\47\472\New-Papers\Atlam_4_2026\Data\Device Identification_Anomaly Detection - Packet Based Features\DDoS\DDoS-UDP_Flood\DDoS-UDP_Flood15.csv,Packet-Based,DDoS,DDoS-UDP-Flood15,283843876,270.69 MB,30000,135,119,16,port_class_dst,33400,0.008246913580246913,0,success,
DDoS-UDP_Flood16.csv,Device Identification_Anomaly Detection - Packet Based Features\DDoS\DDoS-UDP_Flood\DDoS-UDP_Flood16.csv,D:\47\472\New-Papers\Atlam_4_2026\Data\Device Identification_Anomaly Detection - Packet Based Features\DDoS\DDoS-UDP_Flood\DDoS-UDP_Flood16.csv,Packet-Based,DDoS,DDoS-UDP-Flood16,47038806,44.86 MB,30000,135,119,16,port_class_dst,37040,0.009145679012345679,0,success,
DDoS-UDP_Flood17.csv,Device Identification_Anomaly Detection - Packet Based Features\DDoS\DDoS-UDP_Flood\DDoS-UDP_Flood17.csv,D:\47\472\New-Papers\Atlam_4_2026\Data\Device Identification_Anomaly Detection - Packet Based Features\DDoS\DDoS-UDP_Flood\DDoS-UDP_Flood17.csv,Packet-Based,DDoS,DDoS-UDP-Flood17,84425004,80.51 MB,30000,135,119,16,port_class_dst,36596,0.009036049382716049,0,success,
DDoS-UDP_Flood18.csv,Device Identification_Anomaly Detection - Packet Based Features\DDoS\DDoS-UDP_Flood\DDoS-UDP_Flood18.csv,D:\47\472\New-Papers\Atlam_4_2026\Data\Device Identification_Anomaly Detection - Packet Based Features\DDoS\DDoS-UDP_Flood\DDoS-UDP_Flood18.csv,Packet-Based,DDoS,DDoS-UDP-Flood18,85217938,81.27 MB,30000,135,119,16,port_class_dst,35907,0.008865925925925926,0,success,
DDoS-UDP_Flood19.csv,Device Identification_Anomaly Detection - Packet Based Features\DDoS\DDoS-UDP_Flood\DDoS-UDP_Flood19.csv,D:\47\472\New-Papers\Atlam_4_2026\Data\Device Identification_Anomaly Detection - Packet Based Features\DDoS\DDoS-UDP_Flood\DDoS-UDP_Flood19.csv,Packet-Based,DDoS,DDoS-UDP-Flood19,91973012,87.71 MB,30000,135,119,16,port_class_dst,38689,0.00955283950617284,0,success,
DDoS-UDP_Flood2.csv,Device Identification_Anomaly Detection - Packet Based Features\DDoS\DDoS-UDP_Flood\DDoS-UDP_Flood2.csv,D:\47\472\New-Papers\Atlam_4_2026\Data\Device Identification_Anomaly Detection - Packet Based Features\DDoS\DDoS-UDP_Flood\DDoS-UDP_Flood2.csv,Packet-Based,DDoS,DDoS-UDP-Flood2,91102128,86.88 MB,30000,135,119,16,port_class_dst,37225,0.009191358024691358,0,success,
DDoS-UDP_Flood20.csv,Device Identification_Anomaly Detection - Packet Based Features\DDoS\DDoS-UDP_Flood\DDoS-UDP_Flood20.csv,D:\47\472\New-Papers\Atlam_4_2026\Data\Device Identification_Anomaly Detection - Packet Based Features\DDoS\DDoS-UDP_Flood\DDoS-UDP_Flood20.csv,Packet-Based,DDoS,DDoS-UDP-Flood20,153526416,146.41 MB,30000,135,119,16,port_class_dst,36020,0.008893827160493827,0,success,
DDoS-UDP_Flood3.csv,Device Identification_Anomaly Detection - Packet Based Features\DDoS\DDoS-UDP_Flood\DDoS-UDP_Flood3.csv,D:\47\472\New-Papers\Atlam_4_2026\Data\Device Identification_Anomaly Detection - Packet Based Features\DDoS\DDoS-UDP_Flood\DDoS-UDP_Flood3.csv,Packet-Based,DDoS,DDoS-UDP-Flood3,302175057,288.18 MB,30000,135,119,16,port_class_dst,33687,0.008317777777777778,0,success,
DDoS-UDP_Flood4.csv,Device Identification_Anomaly Detection - Packet Based Features\DDoS\DDoS-UDP_Flood\DDoS-UDP_Flood4.csv,D:\47\472\New-Papers\Atlam_4_2026\Data\Device Identification_Anomaly Detection - Packet Based Features\DDoS\DDoS-UDP_Flood\DDoS-UDP_Flood4.csv,Packet-Based,DDoS,DDoS-UDP-Flood4,291039497,277.56 MB,30000,135,119,16,port_class_dst,32222,0.00795604938271605,0,success,
DDoS-UDP_Flood5.csv,Device Identification_Anomaly Detection - Packet Based Features\DDoS\DDoS-UDP_Flood\DDoS-UDP_Flood5.csv,D:\47\472\New-Papers\Atlam_4_2026\Data\Device Identification_Anomaly Detection - Packet Based Features\DDoS\DDoS-UDP_Flood\DDoS-UDP_Flood5.csv,Packet-Based,DDoS,DDoS-UDP-Flood5,290102104,276.66 MB,30000,135,119,16,port_class_dst,31683,0.007822962962962962,0,success,
DDoS-UDP_Flood6.csv,Device Identification_Anomaly Detection - Packet Based Features\DDoS\DDoS-UDP_Flood\DDoS-UDP_Flood6.csv,D:\47\472\New-Papers\Atlam_4_2026\Data\Device Identification_Anomaly Detection - Packet Based Features\DDoS\DDoS-UDP_Flood\DDoS-UDP_Flood6.csv,Packet-Based,DDoS,DDoS-UDP-Flood6,309343829,295.01 MB,30000,135,119,16,port_class_dst,33461,0.008261975308641976,0,success,
DDoS-UDP_Flood7.csv,Device Identification_Anomaly Detection - Packet Based Features\DDoS\DDoS-UDP_Flood\DDoS-UDP_Flood7.csv,D:\47\472\New-Papers\Atlam_4_2026\Data\Device Identification_Anomaly Detection - Packet Based Features\DDoS\DDoS-UDP_Flood\DDoS-UDP_Flood7.csv,Packet-Based,DDoS,DDoS-UDP-Flood7,241501854,230.31 MB,30000,135,119,16,port_class_dst,33728,0.008327901234567902,0,success,
DDoS-UDP_Flood8.csv,Device Identification_Anomaly Detection - Packet Based Features\DDoS\DDoS-UDP_Flood\DDoS-UDP_Flood8.csv,D:\47\472\New-Papers\Atlam_4_2026\Data\Device Identification_Anomaly Detection - Packet Based Features\DDoS\DDoS-UDP_Flood\DDoS-UDP_Flood8.csv,Packet-Based,DDoS,DDoS-UDP-Flood8,268615836,256.17 MB,30000,135,119,16,port_class_dst,33036,0.008157037037037037,0,success,
DDoS-UDP_Flood9.csv,Device Identification_Anomaly Detection - Packet Based Features\DDoS\DDoS-UDP_Flood\DDoS-UDP_Flood9.csv,D:\47\472\New-Papers\Atlam_4_2026\Data\Device Identification_Anomaly Detection - Packet Based Features\DDoS\DDoS-UDP_Flood\DDoS-UDP_Flood9.csv,Packet-Based,DDoS,DDoS-UDP-Flood9,263070765,250.88 MB,30000,135,119,16,port_class_dst,32615,0.008053086419753086,0,success,
DDoS-UDP_Fragmentation.csv,Device Identification_Anomaly Detection - Packet Based Features\DDoS\DDoS-UDP_Fragmentation\DDoS-UDP_Fragmentation.csv,D:\47\472\New-Papers\Atlam_4_2026\Data\Device Identification_Anomaly Detection - Packet Based Features\DDoS\DDoS-UDP_Fragmentation\DDoS-UDP_Fragmentation.csv,Packet-Based,DDoS,DDoS-UDP-Fragmentation,403788636,385.08 MB,30000,135,119,16,port_class_dst,39198,0.009678518518518519,0,success,
DDoS-UDP_Fragmentation1.csv,Device Identification_Anomaly Detection - Packet Based Features\DDoS\DDoS-UDP_Fragmentation\DDoS-UDP_Fragmentation1.csv,D:\47\472\New-Papers\Atlam_4_2026\Data\Device Identification_Anomaly Detection - Packet Based Features\DDoS\DDoS-UDP_Fragmentation\DDoS-UDP_Fragmentation1.csv,Packet-Based,DDoS,DDoS-UDP-Fragmentation1,429606338,409.70 MB,30000,135,119,16,port_class_dst,45137,0.011144938271604938,0,success,
DDoS-UDP_Fragmentation10.csv,Device Identification_Anomaly Detection - Packet Based Features\DDoS\DDoS-UDP_Fragmentation\DDoS-UDP_Fragmentation10.csv,D:\47\472\New-Papers\Atlam_4_2026\Data\Device Identification_Anomaly Detection - Packet Based Features\DDoS\DDoS-UDP_Fragmentation\DDoS-UDP_Fragmentation10.csv,Packet-Based,DDoS,DDoS-UDP-Fragmentation10,417727715,398.38 MB,30000,135,119,16,port_class_dst,39477,0.009747407407407408,0,success,
DDoS-UDP_Fragmentation11.csv,Device Identification_Anomaly Detection - Packet Based Features\DDoS\DDoS-UDP_Fragmentation\DDoS-UDP_Fragmentation11.csv,D:\47\472\New-Papers\Atlam_4_2026\Data\Device Identification_Anomaly Detection - Packet Based Features\DDoS\DDoS-UDP_Fragmentation\DDoS-UDP_Fragmentation11.csv,Packet-Based,DDoS,DDoS-UDP-Fragmentation11,411052258,392.01 MB,30000,135,120,15,port_class_dst,42887,0.010589382716049383,0,success,
DDoS-UDP_Fragmentation12.csv,Device Identification_Anomaly Detection - Packet Based Features\DDoS\DDoS-UDP_Fragmentation\DDoS-UDP_Fragmentation12.csv,D:\47\472\New-Papers\Atlam_4_2026\Data\Device Identification_Anomaly Detection - Packet Based Features\DDoS\DDoS-UDP_Fragmentation\DDoS-UDP_Fragmentation12.csv,Packet-Based,DDoS,DDoS-UDP-Fragmentation12,401868630,383.25 MB,30000,135,119,16,port_class_dst,58403,0.014420493827160494,0,success,
DDoS-UDP_Fragmentation2.csv,Device Identification_Anomaly Detection - Packet Based Features\DDoS\DDoS-UDP_Fragmentation\DDoS-UDP_Fragmentation2.csv,D:\47\472\New-Papers\Atlam_4_2026\Data\Device Identification_Anomaly Detection - Packet Based Features\DDoS\DDoS-UDP_Fragmentation\DDoS-UDP_Fragmentation2.csv,Packet-Based,DDoS,DDoS-UDP-Fragmentation2,416698922,397.40 MB,30000,135,119,16,port_class_dst,37855,0.009346913580246913,0,success,
DDoS-UDP_Fragmentation3.csv,Device Identification_Anomaly Detection - Packet Based Features\DDoS\DDoS-UDP_Fragmentation\DDoS-UDP_Fragmentation3.csv,D:\47\472\New-Papers\Atlam_4_2026\Data\Device Identification_Anomaly Detection - Packet Based Features\DDoS\DDoS-UDP_Fragmentation\DDoS-UDP_Fragmentation3.csv,Packet-Based,DDoS,DDoS-UDP-Fragmentation3,412852189,393.73 MB,30000,135,120,15,port_class_dst,39776,0.009821234567901235,0,success,
DDoS-UDP_Fragmentation4.csv,Device Identification_Anomaly Detection - Packet Based Features\DDoS\DDoS-UDP_Fragmentation\DDoS-UDP_Fragmentation4.csv,D:\47\472\New-Papers\Atlam_4_2026\Data\Device Identification_Anomaly Detection - Packet Based Features\DDoS\DDoS-UDP_Fragmentation\DDoS-UDP_Fragmentation4.csv,Packet-Based,DDoS,DDoS-UDP-Fragmentation4,404967111,386.21 MB,30000,135,119,16,port_class_dst,47627,0.011759753086419753,0,success,
DDoS-UDP_Fragmentation5.csv,Device Identification_Anomaly Detection - Packet Based Features\DDoS\DDoS-UDP_Fragmentation\DDoS-UDP_Fragmentation5.csv,D:\47\472\New-Papers\Atlam_4_2026\Data\Device Identification_Anomaly Detection - Packet Based Features\DDoS\DDoS-UDP_Fragmentation\DDoS-UDP_Fragmentation5.csv,Packet-Based,DDoS,DDoS-UDP-Fragmentation5,406887579,388.04 MB,30000,135,119,16,port_class_dst,41577,0.010265925925925927,0,success,
DDoS-UDP_Fragmentation6.csv,Device Identification_Anomaly Detection - Packet Based Features\DDoS\DDoS-UDP_Fragmentation\DDoS-UDP_Fragmentation6.csv,D:\47\472\New-Papers\Atlam_4_2026\Data\Device Identification_Anomaly Detection - Packet Based Features\DDoS\DDoS-UDP_Fragmentation\DDoS-UDP_Fragmentation6.csv,Packet-Based,DDoS,DDoS-UDP-Fragmentation6,406109412,387.30 MB,30000,135,119,16,port_class_dst,34829,0.008599753086419753,0,success,
DDoS-UDP_Fragmentation7.csv,Device Identification_Anomaly Detection - Packet Based Features\DDoS\DDoS-UDP_Fragmentation\DDoS-UDP_Fragmentation7.csv,D:\47\472\New-Papers\Atlam_4_2026\Data\Device Identification_Anomaly Detection - Packet Based Features\DDoS\DDoS-UDP_Fragmentation\DDoS-UDP_Fragmentation7.csv,Packet-Based,DDoS,DDoS-UDP-Fragmentation7,401615532,383.01 MB,30000,135,119,16,port_class_dst,40706,0.010050864197530865,0,success,
DDoS-UDP_Fragmentation8.csv,Device Identification_Anomaly Detection - Packet Based Features\DDoS\DDoS-UDP_Fragmentation\DDoS-UDP_Fragmentation8.csv,D:\47\472\New-Papers\Atlam_4_2026\Data\Device Identification_Anomaly Detection - Packet Based Features\DDoS\DDoS-UDP_Fragmentation\DDoS-UDP_Fragmentation8.csv,Packet-Based,DDoS,DDoS-UDP-Fragmentation8,408302632,389.39 MB,30000,135,119,16,port_class_dst,36724,0.009067654320987655,0,success,
DDoS-UDP_Fragmentation9.csv,Device Identification_Anomaly Detection - Packet Based Features\DDoS\DDoS-UDP_Fragmentation\DDoS-UDP_Fragmentation9.csv,D:\47\472\New-Papers\Atlam_4_2026\Data\Device Identification_Anomaly Detection - Packet Based Features\DDoS\DDoS-UDP_Fragmentation\DDoS-UDP_Fragmentation9.csv,Packet-Based,DDoS,DDoS-UDP-Fragmentation9,417527097,398.18 MB,30000,135,119,16,port_class_dst,42105,0.010396296296296296,0,success,
DoS-HTTP_Flood.csv,Device Identification_Anomaly Detection - Packet Based Features\DoS\DoS-HTTP_Flood\DoS-HTTP_Flood.csv,D:\47\472\New-Papers\Atlam_4_2026\Data\Device Identification_Anomaly Detection - Packet Based Features\DoS\DoS-HTTP_Flood\DoS-HTTP_Flood.csv,Packet-Based,DoS,DoS-HTTP-Flood,225356569,214.92 MB,30000,135,119,16,port_class_dst,117612,0.02904,0,success,
DoS-HTTP_Flood1.csv,Device Identification_Anomaly Detection - Packet Based Features\DoS\DoS-HTTP_Flood\DoS-HTTP_Flood1.csv,D:\47\472\New-Papers\Atlam_4_2026\Data\Device Identification_Anomaly Detection - Packet Based Features\DoS\DoS-HTTP_Flood\DoS-HTTP_Flood1.csv,Packet-Based,DoS,DoS-HTTP-Flood1,221655328,211.39 MB,30000,135,119,16,port_class_dst,116477,0.028759753086419752,0,success,
DoS-SYN_Flood.csv,Device Identification_Anomaly Detection - Packet Based Features\DoS\DoS-SYN_Flood\DoS-SYN_Flood.csv,D:\47\472\New-Papers\Atlam_4_2026\Data\Device Identification_Anomaly Detection - Packet Based Features\DoS\DoS-SYN_Flood\DoS-SYN_Flood.csv,Packet-Based,DoS,DoS-SYN-Flood,72998781,69.62 MB,30000,135,119,16,port_class_dst,610353,0.15070444444444445,0,success,
DoS-SYN_Flood1.csv,Device Identification_Anomaly Detection - Packet Based Features\DoS\DoS-SYN_Flood\DoS-SYN_Flood1.csv,D:\47\472\New-Papers\Atlam_4_2026\Data\Device Identification_Anomaly Detection - Packet Based Features\DoS\DoS-SYN_Flood\DoS-SYN_Flood1.csv,Packet-Based,DoS,DoS-SYN-Flood1,56128770,53.53 MB,30000,135,119,16,port_class_dst,611545,0.15099876543209875,0,success,
DoS-SYN_Flood2.csv,Device Identification_Anomaly Detection - Packet Based Features\DoS\DoS-SYN_Flood\DoS-SYN_Flood2.csv,D:\47\472\New-Papers\Atlam_4_2026\Data\Device Identification_Anomaly Detection - Packet Based Features\DoS\DoS-SYN_Flood\DoS-SYN_Flood2.csv,Packet-Based,DoS,DoS-SYN-Flood2,60171281,57.38 MB,30000,135,119,16,port_class_dst,655957,0.1619646913580247,0,success,
DoS-SYN_Flood3.csv,Device Identification_Anomaly Detection - Packet Based Features\DoS\DoS-SYN_Flood\DoS-SYN_Flood3.csv,D:\47\472\New-Papers\Atlam_4_2026\Data\Device Identification_Anomaly Detection - Packet Based Features\DoS\DoS-SYN_Flood\DoS-SYN_Flood3.csv,Packet-Based,DoS,DoS-SYN-Flood3,58504214,55.79 MB,30000,135,119,16,port_class_dst,646704,0.15968,0,success,
DoS-SYN_Flood4.csv,Device Identification_Anomaly Detection - Packet Based Features\DoS\DoS-SYN_Flood\DoS-SYN_Flood4.csv,D:\47\472\New-Papers\Atlam_4_2026\Data\Device Identification_Anomaly Detection - Packet Based Features\DoS\DoS-SYN_Flood\DoS-SYN_Flood4.csv,Packet-Based,DoS,DoS-SYN-Flood4,57781116,55.10 MB,30000,135,119,16,port_class_dst,652088,0.1610093827160494,0,success,
DoS-SYN_Flood5.csv,Device Identification_Anomaly Detection - Packet Based Features\DoS\DoS-SYN_Flood\DoS-SYN_Flood5.csv,D:\47\472\New-Papers\Atlam_4_2026\Data\Device Identification_Anomaly Detection - Packet Based Features\DoS\DoS-SYN_Flood\DoS-SYN_Flood5.csv,Packet-Based,DoS,DoS-SYN-Flood5,61036333,58.21 MB,30000,135,119,16,port_class_dst,655258,0.1617920987654321,0,success,
DoS-SYN_Flood6.csv,Device Identification_Anomaly Detection - Packet Based Features\DoS\DoS-SYN_Flood\DoS-SYN_Flood6.csv,D:\47\472\New-Papers\Atlam_4_2026\Data\Device Identification_Anomaly Detection - Packet Based Features\DoS\DoS-SYN_Flood\DoS-SYN_Flood6.csv,Packet-Based,DoS,DoS-SYN-Flood6,69080940,65.88 MB,30000,135,119,16,port_class_dst,596698,0.14733283950617285,0,success,
DoS-SYN_Flood7.csv,Device Identification_Anomaly Detection - Packet Based Features\DoS\DoS-SYN_Flood\DoS-SYN_Flood7.csv,D:\47\472\New-Papers\Atlam_4_2026\Data\Device Identification_Anomaly Detection - Packet Based Features\DoS\DoS-SYN_Flood\DoS-SYN_Flood7.csv,Packet-Based,DoS,DoS-SYN-Flood7,59912871,57.14 MB,30000,135,119,16,port_class_dst,642622,0.1586720987654321,0,success,
DoS-TCP_Flood.csv,Device Identification_Anomaly Detection - Packet Based Features\DoS\DoS-TCP_Flood\DoS-TCP_Flood.csv,D:\47\472\New-Papers\Atlam_4_2026\Data\Device Identification_Anomaly Detection - Packet Based Features\DoS\DoS-TCP_Flood\DoS-TCP_Flood.csv,Packet-Based,DoS,DoS-TCP-Flood,68002770,64.85 MB,30000,135,119,16,port_class_dst,585996,0.14469037037037036,0,success,
DoS-TCP_Flood1.csv,Device Identification_Anomaly Detection - Packet Based Features\DoS\DoS-TCP_Flood\DoS-TCP_Flood1.csv,D:\47\472\New-Papers\Atlam_4_2026\Data\Device Identification_Anomaly Detection - Packet Based Features\DoS\DoS-TCP_Flood\DoS-TCP_Flood1.csv,Packet-Based,DoS,DoS-TCP-Flood1,32102591,30.62 MB,30000,135,119,16,port_class_dst,607834,0.15008246913580248,0,success,
DoS-TCP_Flood10.csv,Device Identification_Anomaly Detection - Packet Based Features\DoS\DoS-TCP_Flood\DoS-TCP_Flood10.csv,D:\47\472\New-Papers\Atlam_4_2026\Data\Device Identification_Anomaly Detection - Packet Based Features\DoS\DoS-TCP_Flood\DoS-TCP_Flood10.csv,Packet-Based,DoS,DoS-TCP-Flood10,63554516,60.61 MB,30000,135,120,15,port_class_dst,612495,0.15123333333333333,0,success,
DoS-TCP_Flood2.csv,Device Identification_Anomaly Detection - Packet Based Features\DoS\DoS-TCP_Flood\DoS-TCP_Flood2.csv,D:\47\472\New-Papers\Atlam_4_2026\Data\Device Identification_Anomaly Detection - Packet Based Features\DoS\DoS-TCP_Flood\DoS-TCP_Flood2.csv,Packet-Based,DoS,DoS-TCP-Flood2,74203934,70.77 MB,30000,135,119,16,port_class_dst,610479,0.15073555555555557,0,success,
DoS-TCP_Flood3.csv,Device Identification_Anomaly Detection - Packet Based Features\DoS\DoS-TCP_Flood\DoS-TCP_Flood3.csv,D:\47\472\New-Papers\Atlam_4_2026\Data\Device Identification_Anomaly Detection - Packet Based Features\DoS\DoS-TCP_Flood\DoS-TCP_Flood3.csv,Packet-Based,DoS,DoS-TCP-Flood3,64586215,61.59 MB,30000,135,119,16,port_class_dst,612188,0.15115753086419753,0,success,
DoS-TCP_Flood4.csv,Device Identification_Anomaly Detection - Packet Based Features\DoS\DoS-TCP_Flood\DoS-TCP_Flood4.csv,D:\47\472\New-Papers\Atlam_4_2026\Data\Device Identification_Anomaly Detection - Packet Based Features\DoS\DoS-TCP_Flood\DoS-TCP_Flood4.csv,Packet-Based,DoS,DoS-TCP-Flood4,62415762,59.52 MB,30000,135,119,16,port_class_dst,611488,0.1509846913580247,0,success,
DoS-TCP_Flood5.csv,Device Identification_Anomaly Detection - Packet Based Features\DoS\DoS-TCP_Flood\DoS-TCP_Flood5.csv,D:\47\472\New-Papers\Atlam_4_2026\Data\Device Identification_Anomaly Detection - Packet Based Features\DoS\DoS-TCP_Flood\DoS-TCP_Flood5.csv,Packet-Based,DoS,DoS-TCP-Flood5,63790959,60.84 MB,30000,135,119,16,port_class_dst,605716,0.1495595061728395,0,success,
DoS-TCP_Flood6.csv,Device Identification_Anomaly Detection - Packet Based Features\DoS\DoS-TCP_Flood\DoS-TCP_Flood6.csv,D:\47\472\New-Papers\Atlam_4_2026\Data\Device Identification_Anomaly Detection - Packet Based Features\DoS\DoS-TCP_Flood\DoS-TCP_Flood6.csv,Packet-Based,DoS,DoS-TCP-Flood6,65796735,62.75 MB,30000,135,119,16,port_class_dst,612279,0.15118,0,success,
DoS-TCP_Flood7.csv,Device Identification_Anomaly Detection - Packet Based Features\DoS\DoS-TCP_Flood\DoS-TCP_Flood7.csv,D:\47\472\New-Papers\Atlam_4_2026\Data\Device Identification_Anomaly Detection - Packet Based Features\DoS\DoS-TCP_Flood\DoS-TCP_Flood7.csv,Packet-Based,DoS,DoS-TCP-Flood7,59936253,57.16 MB,30000,135,119,16,port_class_dst,613185,0.1514037037037037,0,success,
DoS-TCP_Flood8.csv,Device Identification_Anomaly Detection - Packet Based Features\DoS\DoS-TCP_Flood\DoS-TCP_Flood8.csv,D:\47\472\New-Papers\Atlam_4_2026\Data\Device Identification_Anomaly Detection - Packet Based Features\DoS\DoS-TCP_Flood\DoS-TCP_Flood8.csv,Packet-Based,DoS,DoS-TCP-Flood8,60687061,57.88 MB,30000,135,119,16,port_class_dst,611356,0.15095209876543209,0,success,
DoS-TCP_Flood9.csv,Device Identification_Anomaly Detection - Packet Based Features\DoS\DoS-TCP_Flood\DoS-TCP_Flood9.csv,D:\47\472\New-Papers\Atlam_4_2026\Data\Device Identification_Anomaly Detection - Packet Based Features\DoS\DoS-TCP_Flood\DoS-TCP_Flood9.csv,Packet-Based,DoS,DoS-TCP-Flood9,59504393,56.75 MB,30000,135,119,16,port_class_dst,613586,0.15150271604938273,0,success,
DoS-UDP_Flood.csv,Device Identification_Anomaly Detection - Packet Based Features\DoS\DoS-UDP_Flood\DoS-UDP_Flood.csv,D:\47\472\New-Papers\Atlam_4_2026\Data\Device Identification_Anomaly Detection - Packet Based Features\DoS\DoS-UDP_Flood\DoS-UDP_Flood.csv,Packet-Based,DoS,DoS-UDP-Flood,94152604,89.79 MB,30000,135,119,16,port_class_dst,597878,0.1476241975308642,0,success,
DoS-UDP_Flood1.csv,Device Identification_Anomaly Detection - Packet Based Features\DoS\DoS-UDP_Flood\DoS-UDP_Flood1.csv,D:\47\472\New-Papers\Atlam_4_2026\Data\Device Identification_Anomaly Detection - Packet Based Features\DoS\DoS-UDP_Flood\DoS-UDP_Flood1.csv,Packet-Based,DoS,DoS-UDP-Flood1,76147999,72.62 MB,30000,135,119,16,port_class_dst,609233,0.1504279012345679,0,success,
DoS-UDP_Flood10.csv,Device Identification_Anomaly Detection - Packet Based Features\DoS\DoS-UDP_Flood\DoS-UDP_Flood10.csv,D:\47\472\New-Papers\Atlam_4_2026\Data\Device Identification_Anomaly Detection - Packet Based Features\DoS\DoS-UDP_Flood\DoS-UDP_Flood10.csv,Packet-Based,DoS,DoS-UDP-Flood10,98489938,93.93 MB,30000,135,119,16,port_class_dst,38731,0.00956320987654321,0,success,
DoS-UDP_Flood11.csv,Device Identification_Anomaly Detection - Packet Based Features\DoS\DoS-UDP_Flood\DoS-UDP_Flood11.csv,D:\47\472\New-Papers\Atlam_4_2026\Data\Device Identification_Anomaly Detection - Packet Based Features\DoS\DoS-UDP_Flood\DoS-UDP_Flood11.csv,Packet-Based,DoS,DoS-UDP-Flood11,100400592,95.75 MB,30000,135,119,16,port_class_dst,37080,0.009155555555555556,0,success,
DoS-UDP_Flood12.csv,Device Identification_Anomaly Detection - Packet Based Features\DoS\DoS-UDP_Flood\DoS-UDP_Flood12.csv,D:\47\472\New-Papers\Atlam_4_2026\Data\Device Identification_Anomaly Detection - Packet Based Features\DoS\DoS-UDP_Flood\DoS-UDP_Flood12.csv,Packet-Based,DoS,DoS-UDP-Flood12,100263151,95.62 MB,30000,135,119,16,port_class_dst,39261,0.009694074074074074,0,success,
DoS-UDP_Flood13.csv,Device Identification_Anomaly Detection - Packet Based Features\DoS\DoS-UDP_Flood\DoS-UDP_Flood13.csv,D:\47\472\New-Papers\Atlam_4_2026\Data\Device Identification_Anomaly Detection - Packet Based Features\DoS\DoS-UDP_Flood\DoS-UDP_Flood13.csv,Packet-Based,DoS,DoS-UDP-Flood13,112964035,107.73 MB,30000,135,119,16,port_class_dst,39524,0.009759012345679012,0,success,
DoS-UDP_Flood14.csv,Device Identification_Anomaly Detection - Packet Based Features\DoS\DoS-UDP_Flood\DoS-UDP_Flood14.csv,D:\47\472\New-Papers\Atlam_4_2026\Data\Device Identification_Anomaly Detection - Packet Based Features\DoS\DoS-UDP_Flood\DoS-UDP_Flood14.csv,Packet-Based,DoS,DoS-UDP-Flood14,116231354,110.85 MB,30000,135,119,16,port_class_dst,36752,0.009074567901234568,0,success,
DoS-UDP_Flood15.csv,Device Identification_Anomaly Detection - Packet Based Features\DoS\DoS-UDP_Flood\DoS-UDP_Flood15.csv,D:\47\472\New-Papers\Atlam_4_2026\Data\Device Identification_Anomaly Detection - Packet Based Features\DoS\DoS-UDP_Flood\DoS-UDP_Flood15.csv,Packet-Based,DoS,DoS-UDP-Flood15,115161243,109.83 MB,30000,135,119,16,port_class_dst,35869,0.008856543209876543,0,success,
DoS-UDP_Flood16.csv,Device Identification_Anomaly Detection - Packet Based Features\DoS\DoS-UDP_Flood\DoS-UDP_Flood16.csv,D:\47\472\New-Papers\Atlam_4_2026\Data\Device Identification_Anomaly Detection - Packet Based Features\DoS\DoS-UDP_Flood\DoS-UDP_Flood16.csv,Packet-Based,DoS,DoS-UDP-Flood16,111788205,106.61 MB,30000,135,119,16,port_class_dst,38295,0.009455555555555556,0,success,
DoS-UDP_Flood2.csv,Device Identification_Anomaly Detection - Packet Based Features\DoS\DoS-UDP_Flood\DoS-UDP_Flood2.csv,D:\47\472\New-Papers\Atlam_4_2026\Data\Device Identification_Anomaly Detection - Packet Based Features\DoS\DoS-UDP_Flood\DoS-UDP_Flood2.csv,Packet-Based,DoS,DoS-UDP-Flood2,102654300,97.90 MB,30000,135,119,16,port_class_dst,616301,0.15217308641975308,0,success,
DoS-UDP_Flood3.csv,Device Identification_Anomaly Detection - Packet Based Features\DoS\DoS-UDP_Flood\DoS-UDP_Flood3.csv,D:\47\472\New-Papers\Atlam_4_2026\Data\Device Identification_Anomaly Detection - Packet Based Features\DoS\DoS-UDP_Flood\DoS-UDP_Flood3.csv,Packet-Based,DoS,DoS-UDP-Flood3,97611333,93.09 MB,30000,135,119,16,port_class_dst,611940,0.15109629629629628,0,success,
DoS-UDP_Flood4.csv,Device Identification_Anomaly Detection - Packet Based Features\DoS\DoS-UDP_Flood\DoS-UDP_Flood4.csv,D:\47\472\New-Papers\Atlam_4_2026\Data\Device Identification_Anomaly Detection - Packet Based Features\DoS\DoS-UDP_Flood\DoS-UDP_Flood4.csv,Packet-Based,DoS,DoS-UDP-Flood4,103404231,98.61 MB,30000,135,119,16,port_class_dst,614230,0.15166172839506173,0,success,
DoS-UDP_Flood5.csv,Device Identification_Anomaly Detection - Packet Based Features\DoS\DoS-UDP_Flood\DoS-UDP_Flood5.csv,D:\47\472\New-Papers\Atlam_4_2026\Data\Device Identification_Anomaly Detection - Packet Based Features\DoS\DoS-UDP_Flood\DoS-UDP_Flood5.csv,Packet-Based,DoS,DoS-UDP-Flood5,87149473,83.11 MB,30000,135,119,16,port_class_dst,609130,0.15040246913580246,0,success,
DoS-UDP_Flood6.csv,Device Identification_Anomaly Detection - Packet Based Features\DoS\DoS-UDP_Flood\DoS-UDP_Flood6.csv,D:\47\472\New-Papers\Atlam_4_2026\Data\Device Identification_Anomaly Detection - Packet Based Features\DoS\DoS-UDP_Flood\DoS-UDP_Flood6.csv,Packet-Based,DoS,DoS-UDP-Flood6,94835607,90.44 MB,30000,135,119,16,port_class_dst,615767,0.15204123456790122,0,success,
DoS-UDP_Flood7.csv,Device Identification_Anomaly Detection - Packet Based Features\DoS\DoS-UDP_Flood\DoS-UDP_Flood7.csv,D:\47\472\New-Papers\Atlam_4_2026\Data\Device Identification_Anomaly Detection - Packet Based Features\DoS\DoS-UDP_Flood\DoS-UDP_Flood7.csv,Packet-Based,DoS,DoS-UDP-Flood7,97684634,93.16 MB,30000,135,119,16,port_class_dst,559293,0.13809703703703705,0,success,
DoS-UDP_Flood8.csv,Device Identification_Anomaly Detection - Packet Based Features\DoS\DoS-UDP_Flood\DoS-UDP_Flood8.csv,D:\47\472\New-Papers\Atlam_4_2026\Data\Device Identification_Anomaly Detection - Packet Based Features\DoS\DoS-UDP_Flood\DoS-UDP_Flood8.csv,Packet-Based,DoS,DoS-UDP-Flood8,99013386,94.43 MB,30000,135,119,16,port_class_dst,36608,0.009039012345679012,0,success,
DoS-UDP_Flood9.csv,Device Identification_Anomaly Detection - Packet Based Features\DoS\DoS-UDP_Flood\DoS-UDP_Flood9.csv,D:\47\472\New-Papers\Atlam_4_2026\Data\Device Identification_Anomaly Detection - Packet Based Features\DoS\DoS-UDP_Flood\DoS-UDP_Flood9.csv,Packet-Based,DoS,DoS-UDP-Flood9,104128237,99.30 MB,30000,135,119,16,port_class_dst,40693,0.010047654320987654,0,success,
Mirai-greip_flood.csv,Device Identification_Anomaly Detection - Packet Based Features\Mirai\Mirai-greip_flood\Mirai-greip_flood.csv,D:\47\472\New-Papers\Atlam_4_2026\Data\Device Identification_Anomaly Detection - Packet Based Features\Mirai\Mirai-greip_flood\Mirai-greip_flood.csv,Packet-Based,Mirai,Mirai-greip-flood,169186590,161.35 MB,30000,135,119,16,port_class_dst,603506,0.14901382716049383,0,success,
Mirai-greip_flood1.csv,Device Identification_Anomaly Detection - Packet Based Features\Mirai\Mirai-greip_flood\Mirai-greip_flood1.csv,D:\47\472\New-Papers\Atlam_4_2026\Data\Device Identification_Anomaly Detection - Packet Based Features\Mirai\Mirai-greip_flood\Mirai-greip_flood1.csv,Packet-Based,Mirai,Mirai-greip-flood1,204985625,195.49 MB,30000,135,119,16,port_class_dst,656361,0.16206444444444446,0,success,
Mirai-greip_flood10.csv,Device Identification_Anomaly Detection - Packet Based Features\Mirai\Mirai-greip_flood\Mirai-greip_flood10.csv,D:\47\472\New-Papers\Atlam_4_2026\Data\Device Identification_Anomaly Detection - Packet Based Features\Mirai\Mirai-greip_flood\Mirai-greip_flood10.csv,Packet-Based,Mirai,Mirai-greip-flood10,218517460,208.39 MB,30000,135,119,16,port_class_dst,657683,0.16239086419753088,0,success,
Mirai-greip_flood11.csv,Device Identification_Anomaly Detection - Packet Based Features\Mirai\Mirai-greip_flood\Mirai-greip_flood11.csv,D:\47\472\New-Papers\Atlam_4_2026\Data\Device Identification_Anomaly Detection - Packet Based Features\Mirai\Mirai-greip_flood\Mirai-greip_flood11.csv,Packet-Based,Mirai,Mirai-greip-flood11,209153893,199.46 MB,30000,135,120,15,port_class_dst,657900,0.16244444444444445,0,success,
Mirai-greip_flood12.csv,Device Identification_Anomaly Detection - Packet Based Features\Mirai\Mirai-greip_flood\Mirai-greip_flood12.csv,D:\47\472\New-Papers\Atlam_4_2026\Data\Device Identification_Anomaly Detection - Packet Based Features\Mirai\Mirai-greip_flood\Mirai-greip_flood12.csv,Packet-Based,Mirai,Mirai-greip-flood12,216433731,206.41 MB,30000,135,119,16,port_class_dst,656262,0.16204,0,success,
Mirai-greip_flood13.csv,Device Identification_Anomaly Detection - Packet Based Features\Mirai\Mirai-greip_flood\Mirai-greip_flood13.csv,D:\47\472\New-Papers\Atlam_4_2026\Data\Device Identification_Anomaly Detection - Packet Based Features\Mirai\Mirai-greip_flood\Mirai-greip_flood13.csv,Packet-Based,Mirai,Mirai-greip-flood13,212905056,203.04 MB,30000,135,120,15,port_class_dst,657223,0.16227728395061727,0,success,
Mirai-greip_flood14.csv,Device Identification_Anomaly Detection - Packet Based Features\Mirai\Mirai-greip_flood\Mirai-greip_flood14.csv,D:\47\472\New-Papers\Atlam_4_2026\Data\Device Identification_Anomaly Detection - Packet Based Features\Mirai\Mirai-greip_flood\Mirai-greip_flood14.csv,Packet-Based,Mirai,Mirai-greip-flood14,228221560,217.65 MB,30000,135,119,16,port_class_dst,643218,0.15881925925925927,0,success,
Mirai-greip_flood15.csv,Device Identification_Anomaly Detection - Packet Based Features\Mirai\Mirai-greip_flood\Mirai-greip_flood15.csv,D:\47\472\New-Papers\Atlam_4_2026\Data\Device Identification_Anomaly Detection - Packet Based Features\Mirai\Mirai-greip_flood\Mirai-greip_flood15.csv,Packet-Based,Mirai,Mirai-greip-flood15,235863910,224.94 MB,30000,135,119,16,port_class_dst,645285,0.15932962962962963,0,success,
Mirai-greip_flood16.csv,Device Identification_Anomaly Detection - Packet Based Features\Mirai\Mirai-greip_flood\Mirai-greip_flood16.csv,D:\47\472\New-Papers\Atlam_4_2026\Data\Device Identification_Anomaly Detection - Packet Based Features\Mirai\Mirai-greip_flood\Mirai-greip_flood16.csv,Packet-Based,Mirai,Mirai-greip-flood16,225066982,214.64 MB,30000,135,120,15,port_class_dst,656858,0.16218716049382717,0,success,
Mirai-greip_flood17.csv,Device Identification_Anomaly Detection - Packet Based Features\Mirai\Mirai-greip_flood\Mirai-greip_flood17.csv,D:\47\472\New-Papers\Atlam_4_2026\Data\Device Identification_Anomaly Detection - Packet Based Features\Mirai\Mirai-greip_flood\Mirai-greip_flood17.csv,Packet-Based,Mirai,Mirai-greip-flood17,211992776,202.17 MB,30000,135,119,16,port_class_dst,653763,0.16142296296296296,0,success,
Mirai-greip_flood18.csv,Device Identification_Anomaly Detection - Packet Based Features\Mirai\Mirai-greip_flood\Mirai-greip_flood18.csv,D:\47\472\New-Papers\Atlam_4_2026\Data\Device Identification_Anomaly Detection - Packet Based Features\Mirai\Mirai-greip_flood\Mirai-greip_flood18.csv,Packet-Based,Mirai,Mirai-greip-flood18,228578089,217.99 MB,30000,135,119,16,port_class_dst,644491,0.15913358024691357,0,success,
Mirai-greip_flood19.csv,Device Identification_Anomaly Detection - Packet Based Features\Mirai\Mirai-greip_flood\Mirai-greip_flood19.csv,D:\47\472\New-Papers\Atlam_4_2026\Data\Device Identification_Anomaly Detection - Packet Based Features\Mirai\Mirai-greip_flood\Mirai-greip_flood19.csv,Packet-Based,Mirai,Mirai-greip-flood19,228129981,217.56 MB,30000,135,119,16,port_class_dst,655396,0.16182617283950618,0,success,
Mirai-greip_flood2.csv,Device Identification_Anomaly Detection - Packet Based Features\Mirai\Mirai-greip_flood\Mirai-greip_flood2.csv,D:\47\472\New-Papers\Atlam_4_2026\Data\Device Identification_Anomaly Detection - Packet Based Features\Mirai\Mirai-greip_flood\Mirai-greip_flood2.csv,Packet-Based,Mirai,Mirai-greip-flood2,240349681,229.22 MB,30000,135,119,16,port_class_dst,646572,0.1596474074074074,0,success,
Mirai-greip_flood20.csv,Device Identification_Anomaly Detection - Packet Based Features\Mirai\Mirai-greip_flood\Mirai-greip_flood20.csv,D:\47\472\New-Papers\Atlam_4_2026\Data\Device Identification_Anomaly Detection - Packet Based Features\Mirai\Mirai-greip_flood\Mirai-greip_flood20.csv,Packet-Based,Mirai,Mirai-greip-flood20,241184213,230.01 MB,30000,135,119,16,port_class_dst,651162,0.16078074074074075,0,success,
Mirai-greip_flood21.csv,Device Identification_Anomaly Detection - Packet Based Features\Mirai\Mirai-greip_flood\Mirai-greip_flood21.csv,D:\47\472\New-Papers\Atlam_4_2026\Data\Device Identification_Anomaly Detection - Packet Based Features\Mirai\Mirai-greip_flood\Mirai-greip_flood21.csv,Packet-Based,Mirai,Mirai-greip-flood21,225256130,214.82 MB,30000,135,119,16,port_class_dst,654974,0.16172197530864196,0,success,
Mirai-greip_flood3.csv,Device Identification_Anomaly Detection - Packet Based Features\Mirai\Mirai-greip_flood\Mirai-greip_flood3.csv,D:\47\472\New-Papers\Atlam_4_2026\Data\Device Identification_Anomaly Detection - Packet Based Features\Mirai\Mirai-greip_flood\Mirai-greip_flood3.csv,Packet-Based,Mirai,Mirai-greip-flood3,259921747,247.88 MB,30000,135,119,16,port_class_dst,656883,0.16219333333333333,0,success,
Mirai-greip_flood4.csv,Device Identification_Anomaly Detection - Packet Based Features\Mirai\Mirai-greip_flood\Mirai-greip_flood4.csv,D:\47\472\New-Papers\Atlam_4_2026\Data\Device Identification_Anomaly Detection - Packet Based Features\Mirai\Mirai-greip_flood\Mirai-greip_flood4.csv,Packet-Based,Mirai,Mirai-greip-flood4,208695466,199.03 MB,30000,135,119,16,port_class_dst,657575,0.1623641975308642,0,success,
Mirai-greip_flood5.csv,Device Identification_Anomaly Detection - Packet Based Features\Mirai\Mirai-greip_flood\Mirai-greip_flood5.csv,D:\47\472\New-Papers\Atlam_4_2026\Data\Device Identification_Anomaly Detection - Packet Based Features\Mirai\Mirai-greip_flood\Mirai-greip_flood5.csv,Packet-Based,Mirai,Mirai-greip-flood5,243436312,232.16 MB,30000,135,119,16,port_class_dst,643197,0.15881407407407408,0,success,
Mirai-greip_flood6.csv,Device Identification_Anomaly Detection - Packet Based Features\Mirai\Mirai-greip_flood\Mirai-greip_flood6.csv,D:\47\472\New-Papers\Atlam_4_2026\Data\Device Identification_Anomaly Detection - Packet Based Features\Mirai\Mirai-greip_flood\Mirai-greip_flood6.csv,Packet-Based,Mirai,Mirai-greip-flood6,224613673,214.21 MB,30000,135,120,15,port_class_dst,656312,0.16205234567901233,0,success,
Mirai-greip_flood7.csv,Device Identification_Anomaly Detection - Packet Based Features\Mirai\Mirai-greip_flood\Mirai-greip_flood7.csv,D:\47\472\New-Papers\Atlam_4_2026\Data\Device Identification_Anomaly Detection - Packet Based Features\Mirai\Mirai-greip_flood\Mirai-greip_flood7.csv,Packet-Based,Mirai,Mirai-greip-flood7,234295517,223.44 MB,30000,135,119,16,port_class_dst,652586,0.16113234567901236,0,success,
Mirai-greip_flood8.csv,Device Identification_Anomaly Detection - Packet Based Features\Mirai\Mirai-greip_flood\Mirai-greip_flood8.csv,D:\47\472\New-Papers\Atlam_4_2026\Data\Device Identification_Anomaly Detection - Packet Based Features\Mirai\Mirai-greip_flood\Mirai-greip_flood8.csv,Packet-Based,Mirai,Mirai-greip-flood8,234445076,223.58 MB,30000,135,119,16,port_class_dst,612600,0.15125925925925926,0,success,
Mirai-greip_flood9.csv,Device Identification_Anomaly Detection - Packet Based Features\Mirai\Mirai-greip_flood\Mirai-greip_flood9.csv,D:\47\472\New-Papers\Atlam_4_2026\Data\Device Identification_Anomaly Detection - Packet Based Features\Mirai\Mirai-greip_flood\Mirai-greip_flood9.csv,Packet-Based,Mirai,Mirai-greip-flood9,205895321,196.36 MB,30000,135,120,15,port_class_dst,657864,0.16243555555555556,0,success,
Recon-HostDiscovery.csv,Device Identification_Anomaly Detection - Packet Based Features\Recon\Recon-HostDiscovery\Recon-HostDiscovery.csv,D:\47\472\New-Papers\Atlam_4_2026\Data\Device Identification_Anomaly Detection - Packet Based Features\Recon\Recon-HostDiscovery\Recon-HostDiscovery.csv,Packet-Based,Recon,Recon-HostDiscovery,260397556,248.33 MB,30000,135,119,16,port_class_dst,534901,0.13207432098765431,0,success,
Recon-OSScan.csv,Device Identification_Anomaly Detection - Packet Based Features\Recon\Recon-OSScan\Recon-OSScan.csv,D:\47\472\New-Papers\Atlam_4_2026\Data\Device Identification_Anomaly Detection - Packet Based Features\Recon\Recon-OSScan\Recon-OSScan.csv,Packet-Based,Recon,Recon-OSScan,354637252,338.21 MB,30000,135,119,16,port_class_dst,233550,0.057666666666666665,0,success,
Recon-PingSweep.csv,Device Identification_Anomaly Detection - Packet Based Features\Recon\Recon-PingSweep\Recon-PingSweep.csv,D:\47\472\New-Papers\Atlam_4_2026\Data\Device Identification_Anomaly Detection - Packet Based Features\Recon\Recon-PingSweep\Recon-PingSweep.csv,Packet-Based,Recon,Recon-PingSweep,28071705,26.77 MB,22619,135,119,16,port_class_dst,135224,0.0442839762703594,0,success,
Recon-PortScan.csv,Device Identification_Anomaly Detection - Packet Based Features\Recon\Recon-PortScan\Recon-PortScan.csv,D:\47\472\New-Papers\Atlam_4_2026\Data\Device Identification_Anomaly Detection - Packet Based Features\Recon\Recon-PortScan\Recon-PortScan.csv,Packet-Based,Recon,Recon-PortScan,298658542,284.82 MB,30000,135,119,16,port_class_dst,284794,0.07031950617283951,0,success,
VulnerabilityScan.csv,Device Identification_Anomaly Detection - Packet Based Features\Recon\VulnerabilityScan\VulnerabilityScan.csv,D:\47\472\New-Papers\Atlam_4_2026\Data\Device Identification_Anomaly Detection - Packet Based Features\Recon\VulnerabilityScan\VulnerabilityScan.csv,Packet-Based,Recon,VulnerabilityScan,279266769,266.33 MB,30000,135,119,16,port_class_dst,274254,0.06771703703703703,0,success,
DNS_Spoofing.csv,Device Identification_Anomaly Detection - Packet Based Features\Spoofing\DNS_Spoofing\DNS_Spoofing.csv,D:\47\472\New-Papers\Atlam_4_2026\Data\Device Identification_Anomaly Detection - Packet Based Features\Spoofing\DNS_Spoofing\DNS_Spoofing.csv,Packet-Based,Spoofing,DNS-Spoofing,382822809,365.09 MB,30000,135,119,16,port_class_dst,183138,0.04521925925925926,0,success,
MITM-ArpSpoofing.csv,Device Identification_Anomaly Detection - Packet Based Features\Spoofing\MITM-ArpSpoofing\MITM-ArpSpoofing.csv,D:\47\472\New-Papers\Atlam_4_2026\Data\Device Identification_Anomaly Detection - Packet Based Features\Spoofing\MITM-ArpSpoofing\MITM-ArpSpoofing.csv,Packet-Based,Spoofing,MITM-ArpSpoofing,452902078,431.92 MB,30000,135,119,16,port_class_dst,44123,0.010894567901234569,0,success,
MITM-ArpSpoofing1.csv,Device Identification_Anomaly Detection - Packet Based Features\Spoofing\MITM-ArpSpoofing\MITM-ArpSpoofing1.csv,D:\47\472\New-Papers\Atlam_4_2026\Data\Device Identification_Anomaly Detection - Packet Based Features\Spoofing\MITM-ArpSpoofing\MITM-ArpSpoofing1.csv,Packet-Based,Spoofing,MITM-ArpSpoofing1,436388252,416.17 MB,30000,135,119,16,port_class_dst,37362,0.009225185185185185,0,success,
Backdoor_Malware.csv,Device Identification_Anomaly Detection - Packet Based Features\Web-Based\Backdoor_Malware\Backdoor_Malware.csv,D:\47\472\New-Papers\Atlam_4_2026\Data\Device Identification_Anomaly Detection - Packet Based Features\Web-Based\Backdoor_Malware\Backdoor_Malware.csv,Packet-Based,Web-Based,Backdoor-Malware,39251555,37.43 MB,30000,135,119,16,port_class_dst,200955,0.04961851851851852,0,success,
CommandInjection.csv,Device Identification_Anomaly Detection - Packet Based Features\Web-Based\CommandInjection\CommandInjection.csv,D:\47\472\New-Papers\Atlam_4_2026\Data\Device Identification_Anomaly Detection - Packet Based Features\Web-Based\CommandInjection\CommandInjection.csv,Packet-Based,Web-Based,CommandInjection,68869413,65.68 MB,30000,135,119,16,port_class_dst,204710,0.050545679012345676,0,success,
SqlInjection.csv,Device Identification_Anomaly Detection - Packet Based Features\Web-Based\SqlInjection\SqlInjection.csv,D:\47\472\New-Papers\Atlam_4_2026\Data\Device Identification_Anomaly Detection - Packet Based Features\Web-Based\SqlInjection\SqlInjection.csv,Packet-Based,Web-Based,SqlInjection,62947641,60.03 MB,30000,135,119,16,port_class_dst,183032,0.04519308641975309,0,success,
Uploading_Attack.csv,Device Identification_Anomaly Detection - Packet Based Features\Web-Based\Uploading_Attack\Uploading_Attack.csv,D:\47\472\New-Papers\Atlam_4_2026\Data\Device Identification_Anomaly Detection - Packet Based Features\Web-Based\Uploading_Attack\Uploading_Attack.csv,Packet-Based,Web-Based,Uploading-Attack,14772835,14.09 MB,12924,135,119,16,port_class_dst,95449,0.05470671847954423,0,success,
XSS.csv,Device Identification_Anomaly Detection - Packet Based Features\Web-Based\XSS\XSS.csv,D:\47\472\New-Papers\Atlam_4_2026\Data\Device Identification_Anomaly Detection - Packet Based Features\Web-Based\XSS\XSS.csv,Packet-Based,Web-Based,XSS,46832664,44.66 MB,30000,135,119,16,port_class_dst,206474,0.05098123456790123,0,success,
